ID,Restaurant,Menu,Calories,CaloriesFat,TotalFat,Saturated Fat,TransFat,Cholesterol,Sodium,Carbohydrates,Fiber,Sugar,Protein,Vitami0,VitaminC,Calcium,Salad
1,Mcdo0lds,Artisan Grilled Chicken Sandwich,380.00,60.00,7.00,2.00,0.00,95.00,1110.00,44.00,3.00,11.00,37.00,4.00,20.00,20.00,0
2,Mcdo0lds,Single Bacon Smokehouse Burger,840.00,410.00,45.00,17.00,1.50,130.00,1580.00,62.00,2.00,18.00,46.00,6.00,20.00,20.00,0
3,Mcdo0lds,Double Bacon Smokehouse Burger,1130.00,600.00,67.00,27.00,3.00,220.00,1920.00,63.00,3.00,18.00,70.00,10.00,20.00,50.00,0
4,Mcdo0lds,Grilled Bacon Smokehouse Chicken Sandwich,750.00,280.00,31.00,10.00,0.50,155.00,1940.00,62.00,2.00,18.00,55.00,6.00,25.00,20.00,0
5,Mcdo0lds,Crispy Bacon Smokehouse Chicken Sandwich,920.00,410.00,45.00,12.00,0.50,120.00,1980.00,81.00,4.00,18.00,46.00,6.00,20.00,20.00,0
6,Mcdo0lds,Big Mac,540.00,250.00,28.00,10.00,1.00,80.00,950.00,46.00,3.00,9.00,25.00,10.00,2.00,15.00,0
7,Mcdo0lds,Cheeseburger,300.00,100.00,12.00,5.00,0.50,40.00,680.00,33.00,2.00,7.00,15.00,10.00,2.00,10.00,0
8,Mcdo0lds,Classic Chicken Sandwich,510.00,210.00,24.00,4.00,0.00,65.00,1040.00,49.00,3.00,6.00,25.00,0.00,4.00,2.00,0
9,Mcdo0lds,Double Cheeseburger,430.00,190.00,21.00,11.00,1.00,85.00,1040.00,35.00,2.00,7.00,25.00,20.00,4.00,15.00,0
10,Mcdo0lds,Double Quarter Pounder® with Cheese,770.00,400.00,45.00,21.00,2.50,175.00,1290.00,42.00,3.00,10.00,51.00,20.00,6.00,20.00,0
11,Mcdo0lds,Filet-O-Fish®,380.00,170.00,18.00,4.00,0.00,40.00,640.00,38.00,2.00,5.00,15.00,2.00,0.00,15.00,0
12,Mcdo0lds,Garlic White Cheddar Burger,620.00,300.00,34.00,13.00,1.50,95.00,790.00,48.00,3.00,11.00,32.00,10.00,10.00,35.00,0
13,Mcdo0lds,Grilled Garlic White Cheddar Chicken Sandwich,530.00,180.00,20.00,7.00,0.00,125.00,1150.00,48.00,3.00,11.00,42.00,10.00,20.00,35.00,0
14,Mcdo0lds,Crispy Garlic White Cheddar Chicken Sandwich,700.00,300.00,34.00,9.00,0.00,85.00,1190.00,67.00,5.00,11.00,33.00,10.00,15.00,35.00,0
15,Mcdo0lds,Hamburger,250.00,70.00,8.00,3.00,0.00,30.00,480.00,31.00,2.00,6.00,13.00,2.00,2.00,4.00,0
16,Mcdo0lds,Lobster Roll,290.00,50.00,5.00,1.50,0.00,65.00,630.00,35.00,2.00,3.00,24.00,4.00,6.00,15.00,0
17,Mcdo0lds,Maple Bacon Dijon 1/4 lb Burger,640.00,330.00,36.00,14.00,1.50,110.00,1260.00,40.00,3.00,10.00,37.00,6.00,15.00,15.00,0
18,Mcdo0lds,Grilled Maple Bacon Dijon Chicken Sandwich,580.00,190.00,21.00,8.00,0.00,135.00,1890.00,50.00,3.00,14.00,48.00,4.00,30.00,30.00,0
19,Mcdo0lds,Crispy Maple Bacon Dijon Chicken Sandwich,740.00,310.00,35.00,9.00,0.50,95.00,1780.00,69.00,5.00,14.00,39.00,4.00,20.00,290.00,0
20,Mcdo0lds,McChicken,350.00,130.00,15.00,3.50,0.00,40.00,600.00,40.00,2.00,5.00,15.00,2.00,2.00,4.00,0
21,Mcdo0lds,McDouble,380.00,160.00,18.00,8.00,1.00,70.00,840.00,34.00,2.00,7.00,23.00,10.00,2.00,10.00,0
22,Mcdo0lds,McRib,480.00,200.00,22.00,7.00,0.00,80.00,870.00,45.00,2.00,12.00,25.00,2.00,2.00,6.00,0
23,Mcdo0lds,Pico Guacamole 1/4 lb Burger,580.00,300.00,33.00,12.00,1.50,95.00,920.00,41.00,4.00,7.00,29.00,8.00,15.00,15.00,0
24,Mcdo0lds,Grilled Pico Guacamole Chicken Sandwich,520.00,160.00,18.00,6.00,0.00,115.00,1540.00,50.00,4.00,12.00,40.00,8.00,25.00,30.00,0
25,Mcdo0lds,Crispy Pico Guacamole Chicken Sandwich,680.00,280.00,32.00,7.00,0.00,80.00,1430.00,69.00,6.00,12.00,31.00,8.00,15.00,30.00,0
26,Mcdo0lds,Premium Buttermilk Crispy Chicken Deluxe Sandwich,570.00,200.00,23.00,5.00,0.00,60.00,1050.00,64.00,4.00,11.00,28.00,4.00,10.00,20.00,0
27,Mcdo0lds,Premium Crispy Chicken Deluxe Sandwich,530.00,200.00,22.00,4.00,0.00,45.00,1000.00,59.00,3.00,13.00,25.00,6.00,10.00,20.00,0
28,Mcdo0lds,Quarter Pounder® with Cheese,530.00,240.00,27.00,13.00,1.50,100.00,1090.00,41.00,3.00,10.00,31.00,20.00,6.00,15.00,0
29,Mcdo0lds,Sig0ture Sriracha Burger,670.00,320.00,35.00,12.00,1.50,95.00,1010.00,56.00,4.00,13.00,32.00,20.00,15.00,30.00,0
30,Mcdo0lds,Grilled Sig0ture Sriracha Chicken Sandwich,560.00,180.00,20.00,5.00,0.00,115.00,1550.00,56.00,4.00,14.00,41.00,20.00,25.00,30.00,0
31,Mcdo0lds,Crispy Sig0ture Sriracha Chicken Sandwich,730.00,300.00,33.00,7.00,0.00,80.00,1430.00,75.00,5.00,13.00,32.00,20.00,20.00,30.00,0
32,Mcdo0lds,Sweet BBQ Bacon 1/4 lb Burger,690.00,340.00,37.00,14.00,1.50,110.00,1310.00,51.00,3.00,14.00,38.00,6.00,15.00,15.00,0
33,Mcdo0lds,Grilled Sweet BBQ Bacon Chicken Sandwich,630.00,200.00,22.00,7.00,0.00,135.00,1930.00,61.00,4.00,18.00,48.00,4.00,30.00,25.00,0
34,Mcdo0lds,Crispy Sweet BBQ Bacon Chicken Sandwich,800.00,320.00,36.00,9.00,0.50,95.00,1820.00,80.00,5.00,18.00,39.00,4.00,20.00,30.00,0
35,Mcdo0lds,3 piece Buttermilk Crispy Chicken Tenders,370.00,190.00,21.00,3.50,0.00,70.00,910.00,16.00,0.00,0.00,28.00,0.00,0.00,2.00,0
36,Mcdo0lds,4 piece Buttermilk Crispy Chicken Tenders,480.00,250.00,28.00,4.50,0.00,95.00,1290.00,21.00,0.00,1.00,38.00,0.00,0.00,2.00,0
37,Mcdo0lds,6 piece Buttermilk Crispy Chicken Tenders,760.00,390.00,44.00,8.00,0.50,145.00,1890.00,32.00,1.00,1.00,58.00,0.00,0.00,2.00,0
38,Mcdo0lds,10 piece Buttermilk Crispy Chicken Tenders,1210.00,630.00,70.00,12.00,1.00,240.00,3230.00,52.00,1.00,4.00,94.00,0.00,0.00,4.00,0
39,Mcdo0lds,12 piece Buttermilk Crispy Chicken Tenders,1510.00,790.00,88.00,15.00,1.00,295.00,3770.00,64.00,1.00,2.00,115.00,0.00,2.00,6.00,0
40,Mcdo0lds,20 piece Buttermilk Crispy Chicken Tenders,2430.00,1270.00,141.00,24.00,2.00,475.00,6080.00,103.00,2.00,3.00,186.00,0.00,2.00,8.00,0
41,Mcdo0lds,4 Piece Chicken McNuggets,180.00,100.00,11.00,2.00,0.00,30.00,340.00,11.00,1.00,0.00,10.00,0.00,2.00,0.00,0
42,Mcdo0lds,6 Piece Chicken McNuggets,270.00,140.00,16.00,2.50,0.00,45.00,510.00,16.00,1.00,0.00,15.00,0.00,2.00,0.00,0
43,Mcdo0lds,10 Piece Chicken McNuggets,440.00,240.00,27.00,4.50,0.00,75.00,840.00,26.00,2.00,0.00,24.00,0.00,4.00,2.00,0
44,Mcdo0lds,20 Piece Chicken McNuggets,890.00,480.00,53.00,9.00,0.00,145.00,1680.00,53.00,4.00,0.00,49.00,0.00,8.00,4.00,0
45,Mcdo0lds,40 piece Chicken McNuggets,1770.00,960.00,107.00,18.00,0.50,295.00,3370.00,105.00,7.00,1.00,98.00,0.00,15.00,6.00,0
46,Mcdo0lds,4 piece Sweet N' Spicy Honey BBQ Glazed Tenders,640.00,240.00,27.00,4.00,0.00,105.00,1780.00,63.00,2.00,35.00,39.00,4.00,15.00,4.00,0
47,Mcdo0lds,6 piece Sweet N' Spicy Honey BBQ Glazed Tenders,960.00,360.00,40.00,6.00,0.00,160.00,2670.00,94.00,3.00,52.00,58.00,4.00,25.00,8.00,0
48,Mcdo0lds,10 piece Sweet N' Spicy Honey BBQ Glazed Tenders,1600.00,600.00,66.00,10.00,0.00,265.00,4450.00,156.00,5.00,87.00,97.00,8.00,40.00,10.00,0
49,Mcdo0lds,Premium Asian Salad w/o Chicken,140.00,70.00,7.00,0.50,0.00,0.00,20.00,13.00,5.00,7.00,7.00,180.00,45.00,10.00,0
50,Mcdo0lds,Premium Asian Salad w/ Grilled Chicken,270.00,80.00,9.00,1.00,0.00,80.00,740.00,18.00,5.00,10.00,31.00,180.00,70.00,10.00,0
51,Mcdo0lds,Premium Asian Salad w/ Crispy Chicken,490.00,250.00,28.00,8.00,0.00,95.00,1120.00,28.00,4.00,4.00,33.00,180.00,60.00,15.00,0
52,Mcdo0lds,Premium Bacon Ranch Salad w/o Chicken,190.00,110.00,12.00,5.00,0.00,40.00,660.00,9.00,3.00,3.00,14.00,180.00,50.00,15.00,0
53,Mcdo0lds,Premium Bacon Ranch Salad w/ Grilled Chicken,320.00,120.00,14.00,6.00,0.00,45.00,1230.00,9.00,3.00,4.00,42.00,180.00,60.00,15.00,0
54,Mcdo0lds,Premium Bacon Ranch Salad w/ Crispy Chicken,490.00,250.00,28.00,8.00,0.00,95.00,1120.00,28.00,4.00,4.00,33.00,180.00,60.00,15.00,0
55,Mcdo0lds,Premium Southwest Salad w/o Chicken,220.00,90.00,10.00,3.50,0.00,15.00,500.00,26.00,6.00,9.00,8.00,180.00,40.00,20.00,0
56,Mcdo0lds,Premium Southwest Salad w/ Grilled Chicken,350.00,100.00,12.00,4.50,0.00,110.00,1070.00,27.00,6.00,9.00,37.00,180.00,50.00,20.00,0
57,Mcdo0lds,Premium Southwest Salad w/ Crispy Chicken,520.00,230.00,25.00,6.00,0.00,75.00,960.00,46.00,8.00,9.00,28.00,180.00,40.00,20.00,0
58,Chick Fil-A,Chargrilled Chicken Club Sandwich,430.00,144.00,16.00,8.00,0.00,85.00,1120.00,37.00,3.00,7.00,37.00,30.00,40.00,25.00,0
59,Chick Fil-A,Chargrilled Chicken Sandwich,310.00,54.00,6.00,2.00,0.00,55.00,820.00,36.00,3.00,7.00,29.00,25.00,40.00,10.00,0
60,Chick Fil-A,Chick-n-Slider,270.00,99.00,11.00,2.50,0.00,45.00,800.00,26.00,1.00,4.00,16.00,0.00,0.00,2.00,0
61,Chick Fil-A,1 Piece Chick-n-Strips,120.00,54.00,6.00,3.00,0.00,25.00,320.00,6.00,0.00,1.00,11.00,0.00,0.00,2.00,0
62,Chick Fil-A,2 Piece Chick-n-Strips,230.00,108.00,12.00,3.00,0.00,55.00,630.00,13.00,1.00,1.00,22.00,0.00,2.00,4.00,0
63,Chick Fil-A,3 Piece Chick-n-Strips,350.00,153.00,17.00,3.00,0.00,70.00,940.00,22.00,1.00,3.00,28.00,2.00,2.00,6.00,0
64,Chick Fil-A,4 piece Chick-n-Strips,470.00,207.00,23.00,3.00,0.00,90.00,1250.00,29.00,1.00,4.00,37.00,2.00,4.00,8.00,0
65,Chick Fil-A,Chicken Deluxe,500.00,207.00,23.00,7.00,0.00,75.00,1590.00,42.00,3.00,6.00,31.00,30.00,10.00,20.00,0
66,Chick Fil-A,4 piece Chicken Nuggets,130.00,54.00,6.00,1.50,0.00,40.00,490.00,5.00,1.00,0.00,14.00,0.00,2.00,2.00,0
67,Chick Fil-A,6 piece Chicken Nuggets,190.00,81.00,9.00,1.50,0.00,55.00,730.00,7.00,1.00,0.00,21.00,0.00,4.00,2.00,0
68,Chick Fil-A,8 piece Chicken Nuggets,260.00,110.00,12.00,3.00,0.00,70.00,990.00,9.00,1.00,1.00,28.00,0.00,2.00,4.00,0
69,Chick Fil-A,12 piece Chicken Nuggets,390.00,162.00,18.00,1.50,0.00,115.00,1460.00,14.00,2.00,1.00,41.00,0.00,8.00,4.00,0
70,Chick Fil-A,30 piece Chicken Nuggets,970.00,414.00,46.00,2.50,0.00,285.00,3660.00,35.00,4.00,1.00,103.00,0.00,20.00,10.00,0
71,Chick Fil-A,Chicken Salad Sandwich,490.00,170.00,19.00,3.00,0.00,80.00,1130.00,55.00,5.00,12.00,28.00,35.00,8.00,15.00,0
72,Chick Fil-A,Chicken Sandwich,440.00,171.00,19.00,4.00,0.00,60.00,1350.00,40.00,2.00,5.00,28.00,2.00,4.00,15.00,0
73,Chick Fil-A,4 Piece Grilled Chicken Nuggets,70.00,18.00,2.00,1.00,0.00,35.00,220.00,1.00,0.00,0.00,13.00,0.00,6.00,0.00,0
74,Chick Fil-A,6 Piece Grilled Chicken Nuggets,110.00,27.00,3.00,1.00,0.00,50.00,330.00,2.00,0.00,0.00,19.00,0.00,8.00,0.00,0
75,Chick Fil-A,8 piece Grilled Chicken Nuggets,140.00,36.00,4.00,1.00,0.00,70.00,440.00,2.00,0.00,0.00,25.00,0.00,10.00,2.00,0
76,Chick Fil-A,12 Piece Grilled Chicken Nuggets,210.00,45.00,5.00,1.00,0.00,100.00,670.00,3.00,0.00,1.00,38.00,0.00,20.00,2.00,0
77,Chick Fil-A,Spicy Grilled Chicken Sub Sandwich,430.00,108.00,12.00,4.50,0.00,85.00,1310.00,47.00,5.00,9.00,33.00,0.00,25.00,25.00,0
78,Chick Fil-A,Regular Grilled Chicken Sub Sandwich,450.00,117.00,13.00,6.00,0.00,75.00,1000.00,48.00,4.00,10.00,34.00,0.00,50.00,25.00,0
79,Chick Fil-A,Smokehouse BBQ Bacon Sandwich,500.00,162.00,18.00,0.00,0.00,95.00,1200.00,46.00,2.00,10.00,33.00,45.00,40.00,20.00,0
80,Chick Fil-A,Spicy Chicken Sandwich,450.00,171.00,19.00,4.00,0.00,60.00,1620.00,41.00,1.00,5.00,29.00,4.00,2.00,15.00,0
81,Chick Fil-A,Spicy Deluxe,540.00,225.00,25.00,8.00,0.00,80.00,1760.00,43.00,2.00,6.00,34.00,30.00,10.00,30.00,0
82,Chick Fil-A,Chargrilled Chicken Cool Wrap,350.00,126.00,14.00,5.00,0.00,60.00,960.00,29.00,15.00,3.00,37.00,60.00,35.00,35.00,0
83,Chick Fil-A,Chicken Enchiladas Meal Kit,860.00,423.00,47.00,16.00,1.00,100.00,2520.00,70.00,0.00,8.00,39.00,0.00,0.00,0.00,0
84,Chick Fil-A,Chicken Parmesan Meal Kit,720.00,279.00,31.00,15.00,0.00,120.00,1780.00,65.00,0.00,7.00,48.00,0.00,0.00,0.00,0
85,Sonic,Hatch Green Chile Cheeseburger,710.00,380.00,43.00,17.00,2.00,120.00,1120.00,44.00,2.00,7.00,35.00,10.00,25.00,30.00,0
86,Sonic,Jalapeno Burger,640.00,330.00,37.00,14.00,2.00,100.00,930.00,42.00,2.00,6.00,31.00,4.00,2.00,20.00,0
87,Sonic,Jr. Burger,340.00,150.00,17.00,6.00,1.00,35.00,640.00,34.00,1.00,6.00,15.00,2.00,4.00,6.00,0
88,Sonic,Jr. Chili Cheeseburger,410.00,220.00,24.00,9.00,0.50,55.00,730.00,32.00,1.00,4.00,20.00,7.00,1.00,15.00,0
89,Sonic,Jr. Deluxe Burger,380.00,200.00,23.00,6.00,1.00,40.00,470.00,32.00,1.00,4.00,15.00,2.00,4.00,6.00,0
90,Sonic,Jr. Deluxe Cheeseburger,450.00,250.00,28.00,9.00,1.00,60.00,800.00,33.00,1.00,4.00,19.00,6.00,4.00,15.00,0
91,Sonic,Jr. Double Cheeseburger,600.00,350.00,38.00,16.00,2.00,110.00,1350.00,35.00,1.00,7.00,31.00,15.00,4.00,25.00,0
92,Sonic,Sonic Bacon Cheeseburger (w/mayo),870.00,530.00,59.00,20.00,2.00,140.00,1350.00,45.00,2.00,7.00,39.00,10.00,8.00,30.00,0
93,Sonic,Sonic Burger W/ Mustard,640.00,330.00,37.00,14.00,2.00,100.00,790.00,43.00,2.00,7.00,31.00,6.00,8.00,20.00,0
94,Sonic,Sonic Burger W/ Ketchup,650.00,340.00,37.00,14.00,2.00,100.00,860.00,46.00,2.00,10.00,32.00,8.00,10.00,20.00,0
95,Sonic,Sonic Burger W/ Mayon0ise,740.00,430.00,48.00,15.00,2.00,110.00,760.00,44.00,2.00,7.00,31.00,6.00,8.00,20.00,0
96,Sonic,Sonic Cheeseburger W/ Mustard,710.00,380.00,43.00,17.00,2.00,120.00,1120.00,43.00,2.00,7.00,35.00,10.00,8.00,30.00,0
97,Sonic,Sonic Cheeseburger W/ Ketchup,720.00,380.00,43.00,17.00,2.00,120.00,1190.00,47.00,2.00,10.00,35.00,15.00,10.00,30.00,0
98,Sonic,Sonic Cheeseburger W/ Mayon0ise,800.00,480.00,54.00,18.00,2.00,130.00,1090.00,44.00,2.00,7.00,35.00,10.00,8.00,30.00,0
99,Sonic,Super Sonic Bacon Double Cheeseburger (w/mayo),1280.00,830.00,92.00,36.00,4.00,260.00,1630.00,44.00,2.00,7.00,67.00,15.00,6.00,40.00,0
100,Sonic,Super Sonic Double Cheeseburger W/ Mustard,1120.00,680.00,76.00,32.00,4.00,235.00,1550.00,44.00,2.00,8.00,63.00,15.00,8.00,40.00,0
101,Sonic,Super Sonic Double Cheeseburger W/ Ketchup,1130.00,680.00,76.00,32.00,4.00,235.00,1620.00,47.00,2.00,11.00,63.00,20.00,10.00,40.00,0
102,Sonic,Super Sonic Double Cheeseburger W/ Mayo,1220.00,780.00,87.00,34.00,4.00,245.00,1520.00,45.00,2.00,8.00,63.00,15.00,8.00,40.00,0
103,Sonic,Super Sonic Jalapeno Double Cheeseburger,1120.00,680.00,76.00,32.00,4.00,235.00,1690.00,43.00,2.00,7.00,63.00,15.00,2.00,40.00,0
104,Sonic,Veggie Burger W/ Ketchup,450.00,130.00,14.00,4.00,0.00,10.00,1410.00,67.00,5.00,11.00,15.00,6.00,8.00,25.00,0
105,Sonic,Veggie Burger With Mustard,450.00,130.00,14.00,4.00,0.00,10.00,1350.00,64.00,5.00,8.00,15.00,6.00,8.00,27.00,0
106,Sonic,Veggie Burger W/ Mustard,450.00,130.00,14.00,4.00,0.00,10.00,1300.00,64.00,5.00,8.00,15.00,6.00,8.00,25.00,0
107,Sonic,Grilled Asiago Caesar Chicken Club Sandwich,610.00,270.00,30.00,7.00,0.00,110.00,1570.00,44.00,3.00,8.00,40.00,11.00,20.00,16.00,0
108,Sonic,Crispy Asiago Caesar Chicken Club Sandwich,680.00,350.00,39.00,9.00,0.00,80.00,1120.00,53.00,4.00,7.00,31.00,11.00,7.00,16.00,0
109,Sonic,Grilled Chicken Sandwich,430.00,180.00,20.00,4.00,0.00,80.00,940.00,33.00,2.00,6.00,28.00,6.00,8.00,10.00,0
110,Sonic,Crispy Chicken Sandwich,570.00,300.00,33.00,5.00,0.00,45.00,1060.00,47.00,4.00,6.00,23.00,6.00,8.00,10.00,0
111,Sonic,Chicken Strip Sandwich,450.00,220.00,24.00,4.00,0.00,35.00,740.00,43.00,1.00,4.00,19.00,0.00,0.00,4.00,0
112,Sonic,3 Piece Crispy Chicken Tender Dinner,280.00,130.00,14.00,2.50,0.00,0.00,800.00,16.00,0.00,0.00,22.00,0.00,0.00,0.00,0
113,Sonic,5 Piece Crispy Chicken Tender Dinner,470.00,220.00,24.00,4.50,0.00,0.00,1340.00,26.00,0.00,0.00,37.00,0.00,0.00,0.00,0
114,Sonic,Deluxe Ultimate Chicken Sandwich,740.00,350.00,39.00,8.00,0.00,90.00,1550.00,63.00,4.00,12.00,33.00,10.00,8.00,15.00,0
115,Sonic,Buffalo Dunked Ultimate Chicken Sandwich,1000.00,550.00,61.00,12.00,0.50,125.00,4520.00,70.00,5.00,12.00,23.00,0.00,0.00,0.00,0
116,Sonic,Garlic Parmesan Dunked Ultimate Chicken Sandwich,1350.00,900.00,100.00,17.00,0.00,190.00,2180.00,69.00,4.00,10.00,23.00,0.00,0.00,0.00,0
117,Sonic,Small Jumbo Popcorn Chicken,380.00,190.00,22.00,4.00,0.00,45.00,1250.00,27.00,3.00,1.00,18.00,0.00,0.00,2.00,0
118,Sonic,Large Jumbo Popcorn Chicken,560.00,290.00,32.00,6.00,1.00,65.00,1890.00,41.00,5.00,2.00,27.00,0.00,0.00,4.00,0
119,Sonic,Small Spicy Jumbo Popcorn Chicken,350.00,150.00,17.00,3.00,0.00,45.00,860.00,30.00,2.00,0.00,21.00,10.00,0.00,2.00,0
120,Sonic,Large Spicy Jumbo Popcorn Chicken,610.00,270.00,30.00,5.00,0.00,80.00,1500.00,51.00,3.00,0.00,36.00,17.00,0.00,3.00,0
121,Sonic,3 Piece Super Crunch Chicken Strip Dinner,970.00,410.00,46.00,8.00,1.00,55.00,2160.00,109.00,7.00,9.00,30.00,1.00,6.00,13.00,0
122,Sonic,4 Piece Super Crunch Chicken Strip Dinner,1080.00,460.00,51.00,9.00,1.00,75.00,2390.00,118.00,8.00,9.00,37.00,1.00,7.00,13.00,0
123,Sonic,5 Piece Super Crunch Chicken Strip Dinner,1190.00,510.00,57.00,10.00,1.00,90.00,2610.00,126.00,8.00,9.00,44.00,2.00,8.00,14.00,0
124,Sonic,3 Piece Super Crunch Chicken Strips,330.00,140.00,16.00,3.00,0.00,55.00,670.00,25.00,2.00,0.00,22.00,1.00,2.00,1.00,0
125,Sonic,4 Piece Super Crunch Chicken Strips,440.00,190.00,21.00,4.00,0.00,70.00,900.00,34.00,2.00,1.00,29.00,1.00,2.00,1.00,0
126,Sonic,5 Piece Super Crunch Chicken Strips,550.00,240.00,26.00,5.00,0.00,90.00,1120.00,42.00,3.00,1.00,36.00,1.00,3.00,2.00,0
127,Sonic,Traditio0l Ultimate Chicken Sandwich,730.00,350.00,39.00,8.00,0.00,90.00,1540.00,62.00,3.00,11.00,32.00,4.00,2.00,15.00,0
128,Sonic,Ultimate Chicken Club,100.00,580.00,64.00,15.00,0.50,100.00,2070.00,65.00,4.00,12.00,39.00,15.00,8.00,30.00,0
129,Sonic,"All Beef All-american Style Dog – 6""",370.00,160.00,18.00,7.00,0.00,40.00,1180.00,40.00,1.00,15.00,12.00,2.00,4.00,8.00,0
130,Sonic,"All Beef Chicago Dog – 6""",430.00,180.00,20.00,7.00,0.00,40.00,2310.00,49.00,1.00,17.00,14.00,4.00,6.00,10.00,0
131,Sonic,"All Beef Chili Cheese Coney – 6""",410.00,230.00,26.00,11.00,0.00,65.00,1140.00,30.00,2.00,4.00,17.00,10.00,2.00,20.00,0
132,Sonic,"All Beef New York Dog – 6""",340.00,170.00,19.00,7.00,0.00,40.00,1250.00,30.00,3.00,4.00,13.00,2.00,10.00,8.00,0
133,Sonic,"All Beef Regular Hot Dog – 6""",320.00,160.00,18.00,7.00,0.00,40.00,870.00,27.00,1.00,3.00,11.00,0.00,2.00,8.00,0
134,Sonic,Cheesy Bacon Pretzel Dog - 6 In.,500.00,240.00,26.00,10.00,0.00,50.00,1410.00,46.00,2.00,7.00,15.00,1.00,3.00,8.00,0
135,Sonic,Corn Dog,210.00,100.00,11.00,4.00,0.00,20.00,530.00,23.00,2.00,4.00,6.00,0.00,0.00,4.00,0
136,Sonic,Footlong Quarter Pound Coney,830.00,490.00,54.00,22.00,1.00,85.00,1940.00,54.00,3.00,9.00,30.00,15.00,4.00,30.00,0
137,Sonic,The Origi0l Pretzel Dog,320.00,160.00,18.00,7.00,0.00,35.00,910.00,27.00,1.00,2.00,11.00,0.00,0.00,4.00,0
138,Arbys,Arby's Melt,330.00,100.00,11.00,4.00,0.00,30.00,920.00,40.00,2.00,5.00,18.00,2.00,0.00,8.00,0
139,Arbys,Arby-Q Sandwich,400.00,90.00,10.00,3.00,0.00,30.00,1230.00,58.00,3.00,23.00,18.00,4.00,10.00,10.00,0
140,Arbys,Beef 'n Cheddar Classic,450.00,180.00,20.00,6.00,1.00,50.00,1280.00,45.00,2.00,9.00,23.00,2.00,2.00,15.00,0
141,Arbys,Beef 'n Cheddar Mid,630.00,290.00,32.00,11.00,1.50,100.00,2100.00,48.00,2.00,9.00,39.00,2.00,2.00,15.00,0
142,Arbys,Bourbon BBQ Brisket Sandwich,650.00,300.00,33.00,12.00,1.00,105.00,1460.00,51.00,2.00,15.00,38.00,0.00,0.00,0.00,0
143,Arbys,Bourbon BBQ Chicken Sandwich,690.00,280.00,31.00,9.00,0.00,90.00,1990.00,66.00,3.00,16.00,38.00,0.00,0.00,0.00,0
144,Arbys,Bourbon BBQ Steak Sandwich,690.00,280.00,31.00,9.00,0.00,90.00,1990.00,66.00,3.00,16.00,38.00,0.00,0.00,0.00,0
145,Arbys,Buttermilk Buffalo Chicken Sandwich,540.00,220.00,24.00,4.50,0.00,60.00,2110.00,53.00,2.00,6.00,29.00,0.00,0.00,0.00,0
146,Arbys,Buttermilk Chicken Bacon & Swiss,650.00,280.00,31.00,9.00,0.00,90.00,1750.00,56.00,2.00,9.00,39.00,0.00,0.00,0.00,0
147,Arbys,Buttermilk Chicken Cordon Bleu Sandwich,690.00,310.00,35.00,10.00,0.00,110.00,2000.00,53.00,1.00,7.00,41.00,0.00,0.00,0.00,0
148,Arbys,Buttermilk Crispy Chicken Sandwich,550.00,230.00,26.00,4.50,0.00,60.00,1480.00,52.00,2.00,6.00,29.00,0.00,0.00,0.00,0
149,Arbys,Classic French Dip & Swiss/Au Jus,540.00,210.00,23.00,11.00,1.00,85.00,2500.00,50.00,2.00,3.00,35.00,2.00,8.00,15.00,0
150,Arbys,Classic Roast Beef,360.00,120.00,14.00,5.00,0.50,50.00,970.00,37.00,2.00,5.00,23.00,0.00,0.00,6.00,0
151,Arbys,Double Roast Beef,510.00,210.00,24.00,9.00,1.50,95.00,1610.00,38.00,2.00,5.00,38.00,0.00,0.00,6.00,0
152,Arbys,Fire-Roasted Philly Steak,640.00,290.00,32.00,11.00,0.50,105.00,1950.00,46.00,3.00,4.00,42.00,0.00,0.00,0.00,0
153,Arbys,Grand Turkey Club,480.00,220.00,24.00,7.00,0.00,65.00,1610.00,37.00,2.00,9.00,30.00,15.00,10.00,15.00,0
154,Arbys,Greek Gyro,710.00,390.00,44.00,13.00,0.00,75.00,1360.00,55.00,4.00,6.00,23.00,0.00,0.00,0.00,0
155,Arbys,Half Pound Beef 'n Cheddar Sandwich,740.00,350.00,39.00,14.00,2.00,130.00,2530.00,48.00,2.00,9.00,49.00,0.00,0.00,0.00,0
156,Arbys,Half Pound French Dip & Swiss,750.00,330.00,36.00,17.00,2.00,150.00,3350.00,51.00,2.00,3.00,55.00,0.00,0.00,0.00,0
157,Arbys,Half Pound Roast Beef Sandwich,610.00,270.00,30.00,12.00,2.00,130.00,2040.00,38.00,2.00,5.00,48.00,0.00,0.00,0.00,0
158,Arbys,Ham & Swiss Melt,300.00,80.00,9.00,4.00,0.00,35.00,1030.00,37.00,2.00,6.00,18.00,2.00,0.00,15.00,0
159,Arbys,Loaded Italian Sandwich,680.00,360.00,40.00,14.00,0.50,100.00,2270.00,49.00,3.00,7.00,32.00,0.00,0.00,0.00,0
160,Arbys,Pecan Chicken Salad Flatbread,710.00,410.00,46.00,7.00,0.50,65.00,980.00,53.00,4.00,9.00,22.00,0.00,0.00,0.00,0
161,Arbys,Pecan Chicken Salad Sandwich,840.00,400.00,44.00,6.00,0.50,75.00,1210.00,81.00,6.00,20.00,33.00,10.00,8.00,25.00,0
162,Arbys,2 piece Prime-Cut Chicken Tenders,240.00,100.00,11.00,1.50,0.00,30.00,640.00,19.00,1.00,0.00,16.00,0.00,0.00,2.00,0
163,Arbys,3 piece Prime-Cut Chicken Tenders,360.00,150.00,17.00,2.50,0.00,45.00,950.00,28.00,2.00,0.00,23.00,0.00,4.00,2.00,0
164,Arbys,5 piece Prime-Cut Chicken Tenders,600.00,250.00,28.00,4.00,0.00,75.00,1590.00,47.00,3.00,0.00,39.00,0.00,8.00,2.00,0
165,Arbys,Reuben Sandwich,680.00,280.00,31.00,8.00,0.50,80.00,2420.00,62.00,4.00,5.00,37.00,6.00,20.00,35.00,0
166,Arbys,Roast Beef Gyro,550.00,260.00,29.00,7.00,1.00,60.00,1290.00,48.00,3.00,5.00,24.00,10.00,15.00,10.00,0
167,Arbys,Roast Turkey & Swiss Sandwich,710.00,260.00,28.00,7.00,0.00,65.00,1930.00,79.00,5.00,15.00,38.00,20.00,10.00,45.00,0
168,Arbys,Roast Turkey & Swiss Wrap,520.00,240.00,27.00,9.00,0.00,65.00,1640.00,39.00,4.00,6.00,30.00,20.00,10.00,35.00,0
169,Arbys,"Roast Turkey, Ranch & Bacon Sandwich",800.00,310.00,34.00,10.00,0.50,80.00,2420.00,79.00,5.00,16.00,45.00,20.00,10.00,45.00,0
170,Arbys,"Roast Turkey, Ranch & Bacon Wrap",620.00,310.00,34.00,11.00,0.50,85.00,2130.00,39.00,4.00,6.00,37.00,20.00,10.00,30.00,0
171,Arbys,Smoke Mountain w/ Beef Short Rib,740.00,320.00,35.00,13.00,1.00,125.00,2050.00,62.00,4.00,17.00,43.00,0.00,0.00,0.00,0
172,Arbys,Smokehouse Beef Short Rib Sandwich,590.00,250.00,59.00,10.00,1.00,75.00,1510.00,59.00,4.00,14.00,26.00,0.00,0.00,0.00,0
173,Arbys,Smokehouse Brisket,600.00,310.00,35.00,12.00,1.00,110.00,1240.00,42.00,2.00,7.00,33.00,4.00,8.00,20.00,0
174,Arbys,Super Roast Beef,430.00,160.00,17.00,5.00,1.00,45.00,1060.00,45.00,3.00,11.00,23.00,10.00,10.00,8.00,0
175,Arbys,Three Cheese Steak Sandwich,650.00,320.00,36.00,15.00,1.00,115.00,1760.00,44.00,2.00,9.00,30.00,0.00,0.00,0.00,0
176,Arbys,Triple Decker Sandwich,1030.00,459.00,51.00,17.00,1.00,155.00,2940.00,83.00,5.00,19.00,62.00,0.00,0.00,0.00,0
177,Arbys,Turkey Avocado Club,730.00,252.00,28.00,6.00,0.00,65.00,2140.00,80.00,6.00,16.00,41.00,0.00,0.00,0.00,0
178,Arbys,Turkey Gyro,470.00,180.00,20.00,3.50,0.00,45.00,1520.00,48.00,3.00,5.00,25.00,10.00,15.00,10.00,0
179,Arbys,Ultimate BLT,980.00,495.00,55.00,14.00,0.00,85.00,2130.00,80.00,6.00,19.00,43.00,0.00,0.00,0.00,0
180,Arbys,Buffalo Chicken Slider,290.00,120.00,13.00,2.00,0.00,20.00,860.00,31.00,2.00,2.00,12.00,0.00,0.00,0.00,0
181,Arbys,Chicken Tender 'n Cheese Slider,290.00,110.00,12.00,3.50,0.00,25.00,720.00,30.00,1.00,1.00,15.00,0.00,0.00,0.00,0
182,Arbys,Corned Beef 'n Cheese Slider,220.00,80.00,9.00,3.50,0.00,30.00,890.00,21.00,1.00,1.00,14.00,0.00,0.00,0.00,0
183,Arbys,Ham 'n Cheese Slider,210.00,70.00,8.00,3.00,0.00,25.00,780.00,21.00,1.00,2.00,13.00,0.00,0.00,0.00,0
184,Arbys,Jalapeno Roast Beef 'n Cheese Slider,240.00,90.00,11.00,4.50,0.00,30.00,670.00,21.00,1.00,1.00,14.00,0.00,0.00,0.00,0
185,Arbys,Pizza Slider,300.00,150.00,17.00,6.00,0.00,35.00,930.00,23.00,1.00,2.00,13.00,0.00,0.00,0.00,0
186,Arbys,Roast Beef 'n Cheese Slider,240.00,90.00,11.00,4.50,0.00,30.00,670.00,21.00,1.00,1.00,14.00,0.00,0.00,0.00,0
187,Arbys,Turkey 'n Cheese Slider,200.00,60.00,7.00,2.50,0.00,25.00,760.00,21.00,1.00,2.00,14.00,0.00,0.00,0.00,0
188,Arbys,Chopped Side Salad,70.00,45.00,5.00,2.50,0.00,15.00,100.00,4.00,1.00,2.00,5.00,35.00,10.00,10.00,0
189,Arbys,Crispy Chicken Farmhouse Salad,430.00,220.00,24.00,8.00,0.00,65.00,1000.00,26.00,4.00,4.00,28.00,60.00,20.00,25.00,0
190,Arbys,Greek Gyro Salad,420.00,340.00,37.00,9.00,0.00,55.00,700.00,11.00,2.00,4.00,10.00,0.00,0.00,0.00,0
191,Arbys,Roast Turkey Farmhouse Salad,230.00,120.00,13.00,7.00,0.00,55.00,870.00,8.00,2.00,5.00,22.00,60.00,20.00,25.00,0
192,Arbys,Super Greek Salad,720.00,480.00,53.00,15.00,0.00,85.00,1310.00,39.00,5.00,7.00,22.00,0.00,0.00,0.00,0
193,Burger King,American Brewhouse King,1550.00,1134.00,126.00,47.00,8.00,805.00,1820.00,21.00,3.00,7.00,134.00,0.00,0.00,0.00,0
194,Burger King,Bacon & Swiss Sourdough King,1000.00,585.00,65.00,24.00,3.00,200.00,1320.00,48.00,2.00,8.00,56.00,0.00,0.00,0.00,0
195,Burger King,Bacon Cheeseburger,330.00,140.00,16.00,7.00,0.00,55.00,830.00,32.00,1.00,7.00,18.00,0.00,0.00,0.00,0
196,Burger King,Bacon Cheeseburger Deluxe,290.00,120.00,14.00,6.00,0.50,40.00,720.00,28.00,1.00,7.00,12.00,0.00,0.00,0.00,0
197,Burger King,Bacon King,1040.00,630.00,48.00,28.00,2.50,220.00,1900.00,48.00,1.00,10.00,57.00,0.00,0.00,0.00,0
198,Burger King,Bacon King Jr,730.00,351.00,39.00,9.00,0.00,90.00,1930.00,63.00,0.00,16.00,32.00,0.00,0.00,0.00,0
199,Burger King,BBQ Bacon King,1100.00,675.00,75.00,29.00,3.00,220.00,1850.00,51.00,0.00,13.00,57.00,0.00,0.00,0.00,0
200,Burger King,Cheeseburger,300.00,130.00,14.00,6.00,0.00,45.00,710.00,28.00,1.00,6.00,16.00,0.00,0.00,0.00,0
201,Burger King,Double Bacon Cheeseburger,520.00,280.00,31.00,14.00,1.00,105.00,1180.00,33.00,1.00,8.00,31.00,0.00,0.00,0.00,0
202,Burger King,Double Cheeseburger,450.00,230.00,26.00,12.00,1.00,95.00,960.00,29.00,1.00,6.00,26.00,0.00,0.00,0.00,0
203,Burger King,Double Hamburger,360.00,160.00,18.00,8.00,0.00,70.00,520.00,28.00,1.00,6.00,22.00,0.00,0.00,0.00,0
204,Burger King,Double Quarter Pound King,900.00,486.00,54.00,25.00,3.00,210.00,1740.00,50.00,2.00,11.00,56.00,0.00,0.00,0.00,0
205,Burger King,Extra Long Cheeseburger,580.00,300.00,33.00,13.00,1.50,85.00,1030.00,45.00,2.00,9.00,26.00,0.00,0.00,0.00,0
206,Burger King,Farmhouse King,1220.00,720.00,80.00,28.00,3.00,335.00,2050.00,62.00,0.00,15.00,0.00,0.00,0.00,0.00,0
207,Burger King,Hamburger,260.00,90.00,10.00,4.00,0.00,35.00,490.00,28.00,1.00,6.00,13.00,0.00,0.00,0.00,0
208,Burger King,Homestyle Cheeseburger,550.00,250.00,27.00,12.00,1.50,95.00,1140.00,48.00,2.00,10.00,30.00,0.00,0.00,0.00,0
209,Burger King,Jalapeno King Sandwich,990.00,585.00,65.00,24.00,3.00,205.00,1550.00,46.00,2.00,7.00,55.00,0.00,0.00,0.00,0
210,Burger King,Mushroom & Swiss King,940.00,567.00,63.00,21.00,2.50,175.00,1380.00,45.00,0.00,8.00,49.00,0.00,0.00,0.00,0
211,Burger King,Rodeo Burger,310.00,110.00,13.00,4.00,0.50,25.00,450.00,38.00,1.00,9.00,9.00,0.00,0.00,0.00,0
212,Burger King,Rodeo King,1250.00,738.00,82.00,31.00,3.50,230.00,2270.00,69.00,3.00,14.00,60.00,0.00,0.00,0.00,0
213,Burger King,Sourdough King Single,730.00,387.00,43.00,16.00,1.50,125.00,1570.00,52.00,2.00,12.00,35.00,0.00,0.00,0.00,0
214,Burger King,Sourdough King Double,970.00,549.00,61.00,24.00,3.00,205.00,1640.00,52.00,2.00,12.00,55.00,0.00,0.00,0.00,0
215,Burger King,Steakhouse King,1100.00,666.00,74.00,24.00,1.00,180.00,1620.00,59.00,0.00,13.00,50.00,0.00,0.00,0.00,0
216,Burger King,Bacon & Cheese Whopper,770.00,432.00,48.00,16.00,2.00,95.00,1360.00,47.00,2.00,9.00,29.00,0.00,0.00,0.00,0
217,Burger King,DOUBLE WHOPPER w/o Cheese,900.00,510.00,57.00,19.00,2.00,140.00,1050.00,51.00,3.00,11.00,47.00,0.00,0.00,0.00,0
218,Burger King,DOUBLE WHOPPER w/ Cheese,990.00,580.00,65.00,24.00,2.00,160.00,1480.00,53.00,3.00,11.00,52.00,0.00,0.00,0.00,0
219,Burger King,WHOPPER w/o Cheese,660.00,360.00,40.00,12.00,1.50,90.00,980.00,49.00,2.00,11.00,28.00,0.00,0.00,0.00,0
220,Burger King,WHOPPER w/ Cheese,760.00,430.00,47.00,16.00,1.00,100.00,1410.00,53.00,3.00,11.00,33.00,0.00,0.00,0.00,0
221,Burger King,WHOPPER JR. w/o Cheese,340.00,170.00,19.00,5.00,0.00,40.00,510.00,28.00,2.00,6.00,14.00,0.00,0.00,0.00,0
222,Burger King,WHOPPER JR. w/ Cheese,380.00,210.00,23.00,8.00,1.00,55.00,730.00,29.00,2.00,6.00,16.00,0.00,0.00,0.00,0
223,Burger King,Bacon Cheddar Ranch Chicken Salad w/ grilled Chicken & Dressing,590.00,360.00,40.00,12.00,0.00,150.00,1540.00,18.00,3.00,6.00,42.00,0.00,0.00,0.00,0
224,Burger King,Bacon Cheddar Ranch Chicken Salad w/ crispy Chicken & Dressing,720.00,450.00,50.00,13.00,0.00,120.00,1960.00,32.00,5.00,7.00,36.00,0.00,0.00,0.00,0
225,Burger King,Chicken BLT Salad w/ Grilled Chicken,550.00,330.00,37.00,10.00,0.00,115.00,1640.00,17.00,3.00,5.00,36.00,0.00,0.00,0.00,0
226,Burger King,Chicken BLT Salad w/ Crispy Chicken,690.00,430.00,48.00,12.00,1.00,100.00,1750.00,31.00,4.00,8.00,35.00,0.00,0.00,0.00,0
227,Burger King,Chicken Caesar Salad w/ Grilled Chicken,530.00,290.00,32.00,5.00,0.00,95.00,1640.00,26.00,3.00,6.00,35.00,0.00,0.00,0.00,0
228,Burger King,Chicken Caesar Salad w/ Crispy Chicken,670.00,380.00,43.00,7.00,0.00,80.00,1760.00,40.00,5.00,8.00,34.00,0.00,0.00,0.00,0
229,Burger King,"Chicken, Apple & Cranberry Salad w/ Grilled Chicken",560.00,270.00,30.00,7.00,0.00,90.00,980.00,40.00,4.00,34.00,29.00,0.00,0.00,0.00,0
230,Burger King,"Chicken, Apple & Cranberry Salad w/ Crispy Chicken",700.00,370.00,41.00,9.00,0.00,80.00,1090.00,54.00,5.00,37.00,28.00,0.00,0.00,0.00,0
231,Burger King,"Garden Grilled Chicken Salad w/ Grilled Chicken, no dressing",320.00,120.00,14.00,6.00,0.00,115.00,650.00,16.00,2.00,4.00,36.00,0.00,0.00,0.00,0
232,Burger King,"Garden Grilled Chicken Salad w/ Crispy Chicken, no dressing",450.00,220.00,24.00,7.00,0.00,85.00,1070.00,30.00,5.00,6.00,29.00,0.00,0.00,0.00,0
233,Burger King,Side Caesar Salad with dressing,220.00,180.00,20.00,4.00,0.00,10.00,540.00,7.00,2.00,3.00,6.00,0.00,0.00,0.00,0
234,Burger King,Side Garden Salad and Avocado Ranch Dressing,230.00,190.00,21.00,5.00,0.00,30.00,520.00,7.00,2.00,3.00,5.00,0.00,0.00,0.00,0
235,Burger King,Bacon Cheddar Ranch Crispy Chicken Sandwich,830.00,468.00,52.00,14.00,0.50,110.00,2100.00,57.00,0.00,9.00,34.00,0.00,0.00,0.00,0
236,Burger King,BBQ Bacon Crispy Chicken Sandwich,440.00,243.00,27.00,4.50,0.00,15.00,630.00,44.00,0.00,13.00,7.00,0.00,0.00,0.00,0
237,Burger King,Big Fish Sandwich,530.00,250.00,27.00,4.50,0.00,30.00,1360.00,54.00,2.00,7.00,17.00,0.00,0.00,0.00,0
238,Burger King,BK VEGGIE Burger,410.00,150.00,16.00,3.00,0.00,5.00,1030.00,44.00,7.00,8.00,22.00,0.00,0.00,0.00,0
239,Burger King,Chicken Burger,480.00,220.00,25.00,2.50,0.00,5.00,1160.00,42.00,2.00,10.00,22.00,0.00,0.00,0.00,0
240,Burger King,Chicken Cordon Bleu Sandwich,730.00,351.00,39.00,9.00,0.00,90.00,1930.00,63.00,0.00,16.00,32.00,0.00,0.00,0.00,0
241,Burger King,Chicken Fries,290.00,150.00,17.00,3.00,1.50,40.00,780.00,18.00,1.00,1.00,16.00,0.00,0.00,0.00,0
242,Burger King,4 Piece Chicken Nuggets,190.00,100.00,11.00,2.00,0.00,25.00,310.00,10.00,1.00,0.00,10.00,0.00,0.00,0.00,0
243,Burger King,6 Piece Chicken Nuggets,290.00,150.00,17.00,3.00,0.00,40.00,460.00,15.00,1.00,0.00,15.00,0.00,0.00,0.00,0
244,Burger King,20 Piece Chicken Nuggets,950.00,500.00,55.00,11.00,0.00,130.00,1530.00,50.00,5.00,0.00,51.00,0.00,0.00,0.00,0
245,Burger King,Chicken Nuggets (10pc),470.00,260.00,29.00,5.00,0.00,50.00,890.00,34.00,5.00,0.00,21.00,0.00,0.00,0.00,0
246,Burger King,Chicken Parmesan Sandwich,570.00,225.00,25.00,8.00,0.00,70.00,1340.00,57.00,0.00,9.00,32.00,0.00,0.00,0.00,0
247,Burger King,Crispy Buffalo Chicken Melt,580.00,252.00,28.00,8.00,0.50,70.00,2310.00,56.00,0.00,8.00,30.00,0.00,0.00,0.00,0
248,Burger King,Crispy Chicken Jr.,430.00,250.00,28.00,4.50,0.00,30.00,760.00,34.00,2.00,4.00,12.00,0.00,0.00,0.00,0
249,Burger King,Crispy Chicken Sandwich,670.00,370.00,41.00,7.00,0.50,60.00,1070.00,54.00,2.00,7.00,23.00,0.00,0.00,0.00,0
250,Burger King,Grilled Chicken Sandwich,470.00,170.00,19.00,3.50,0.00,85.00,850.00,39.00,2.00,6.00,37.00,0.00,0.00,0.00,0
251,Burger King,Grilled Chili Cheese Dog,330.00,170.00,19.00,8.00,1.00,40.00,980.00,28.00,2.00,5.00,14.00,0.00,0.00,0.00,0
252,Burger King,Grilled Hot Dog,310.00,140.00,16.00,6.00,1.00,30.00,960.00,32.00,2.00,10.00,11.00,0.00,0.00,0.00,0
253,Burger King,Jalapeno Chicken Fries,300.00,160.00,18.00,3.00,0.00,40.00,950.00,19.00,1.00,1.00,15.00,0.00,0.00,0.00,0
254,Burger King,Origi0l Chicken Sandwich,630.00,350.00,39.00,7.00,1.00,65.00,1390.00,46.00,3.00,4.00,24.00,0.00,0.00,0.00,0
255,Burger King,Pretzel Chicken Fries,340.00,189.00,21.00,3.50,0.00,45.00,1200.00,21.00,1.00,1.00,16.00,0.00,0.00,0.00,0
256,Burger King,Rodeo Crispy Chicken Sandwich,410.00,150.00,17.00,3.00,0.00,20.00,870.00,53.00,2.00,14.00,12.00,0.00,0.00,0.00,0
257,Burger King,Sourdough Chicken Club,840.00,459.00,51.00,12.00,1.00,95.00,1760.00,62.00,3.00,7.00,32.00,0.00,0.00,0.00,0
258,Burger King,4 Piece Spicy Chicken Nuggets,210.00,135.00,15.00,3.00,0.00,20.00,570.00,11.00,2.00,0.00,8.00,0.00,0.00,0.00,0
259,Burger King,Spicy Chicken Nuggets,530.00,333.00,37.00,7.00,0.00,55.00,1420.00,28.00,0.00,0.00,20.00,0.00,0.00,0.00,0
260,Burger King,Spicy Crispy Chicken Jr.,410.00,220.00,25.00,4.50,0.00,35.00,850.00,35.00,2.00,5.00,12.00,0.00,0.00,0.00,0
261,Burger King,Spicy Crispy Chicken Sandwich,700.00,378.00,42.00,7.00,0.00,65.00,1140.00,57.00,3.00,8.00,25.00,0.00,0.00,0.00,0
262,Burger King,Spicy Crispy Jalapeno Chicken Sandwich,760.00,405.00,45.00,11.00,0.00,95.00,1720.00,58.00,3.00,8.00,32.00,0.00,0.00,0.00,0
263,Dairy Queen,1/2 lb. FlameThrower® GrillBurger,1000.00,660.00,74.00,26.00,2.00,170.00,1610.00,40.00,2.00,9.00,46.00,25.00,8.00,30.00,0
264,Dairy Queen,1/2 lb. GrillBurger with Cheese,800.00,460.00,51.00,20.00,2.00,135.00,1280.00,44.00,3.00,13.00,40.00,25.00,6.00,35.00,0
265,Dairy Queen,1/4 lb. Bacon Cheese GrillBurger,630.00,330.00,37.00,13.00,1.00,95.00,1250.00,44.00,2.00,13.00,30.00,20.00,6.00,25.00,0
266,Dairy Queen,1/4 lb. GrillBurger with Cheese,540.00,270.00,30.00,11.00,1.00,70.00,1020.00,44.00,3.00,13.00,23.00,20.00,6.00,25.00,0
267,Dairy Queen,1/4 lb. Mushroom Swiss GrillBurger,570.00,310.00,35.00,11.00,1.00,75.00,820.00,39.00,2.00,8.00,24.00,2.00,0.00,25.00,0
268,Dairy Queen,Origi0l Cheeseburger,400.00,160.00,18.00,9.00,1.00,65.00,930.00,34.00,1.00,8.00,19.00,10.00,0.00,10.00,0
269,Dairy Queen,Origi0l Double Cheeseburger,630.00,310.00,34.00,18.00,2.00,125.00,1240.00,34.00,1.00,9.00,34.00,15.00,0.00,20.00,0
270,Dairy Queen,4 Piece Chicken Strip Basket w/ Country Gravy,1030.00,480.00,53.00,9.00,1.00,80.00,2780.00,105.00,9.00,4.00,35.00,2.00,0.00,10.00,0
271,Dairy Queen,6 Piece Chicken Strip Basket w/ Country Gravy,1260.00,590.00,66.00,11.00,1.00,120.00,3500.00,121.00,12.00,4.00,49.00,2.00,0.00,10.00,0
272,Dairy Queen,Bacon Cheese Dog,420.00,240.00,26.00,11.00,1.00,60.00,1140.00,26.00,1.00,3.00,19.00,0.00,0.00,0.00,0
273,Dairy Queen,Cheese Dog,390.00,220.00,24.00,11.00,1.00,50.00,1000.00,26.00,1.00,3.00,16.00,0.00,0.00,0.00,0
274,Dairy Queen,Chili Cheese Dog,380.00,220.00,24.00,11.00,1.00,55.00,900.00,23.00,1.00,3.00,16.00,10.00,0.00,15.00,0
275,Dairy Queen,Chili Dog,330.00,180.00,20.00,8.00,1.00,40.00,1050.00,24.00,1.00,5.00,13.00,8.00,0.00,6.00,0
276,Dairy Queen,Hot Dog,290.00,160.00,17.00,7.00,1.00,35.00,900.00,22.00,1.00,4.00,11.00,4.00,0.00,6.00,0
277,Dairy Queen,Relish Dog,350.00,180.00,20.00,8.00,1.00,35.00,1000.00,30.00,1.00,6.00,13.00,0.00,0.00,0.00,0
278,Dairy Queen,Barbecue Pork Sandwich,310.00,80.00,9.00,3.00,0.00,50.00,830.00,41.00,2.00,9.00,17.00,10.00,4.00,4.00,0
279,Dairy Queen,Breaded Mushrooms,250.00,80.00,9.00,1.00,0.00,0.00,500.00,36.00,2.00,1.00,7.00,0.00,2.00,2.00,0
280,Dairy Queen,Regular Cheese Curds,550.00,410.00,45.00,25.00,0.00,150.00,900.00,0.00,0.00,0.00,35.00,30.00,0.00,100.00,0
281,Dairy Queen,Large Cheese Curds,1050.00,670.00,75.00,43.00,1.00,180.00,2210.00,52.00,0.00,30.00,43.00,0.00,0.00,0.00,0
282,Dairy Queen,Chili Cheese Mega Dog,760.00,440.00,49.00,21.00,2.00,100.00,1570.00,48.00,2.00,6.00,32.00,0.00,0.00,0.00,0
283,Dairy Queen,Corn Dog,260.00,140.00,15.00,4.00,0.00,20.00,450.00,26.00,1.00,7.00,6.00,0.00,4.00,0.00,0
284,Dairy Queen,Crispy Fish Sandwich,470.00,200.00,22.00,3.00,0.00,20.00,1210.00,53.00,2.00,7.00,17.00,10.00,2.00,6.00,0
285,Dairy Queen,Deluxe Cheeseburger,400.00,160.00,18.00,9.00,1.00,65.00,930.00,35.00,1.00,9.00,20.00,20.00,6.00,10.00,0
286,Dairy Queen,Deluxe Double Cheeseburger,640.00,310.00,34.00,18.00,2.00,125.00,1240.00,35.00,1.00,9.00,34.00,25.00,6.00,20.00,0
287,Dairy Queen,Deluxe Double Hamburger,540.00,240.00,26.00,13.00,1.00,100.00,750.00,34.00,1.00,9.00,29.00,15.00,6.00,4.00,0
288,Dairy Queen,Deluxe Hamburger,350.00,130.00,14.00,7.00,1.00,50.00,680.00,34.00,1.00,9.00,17.00,15.00,6.00,4.00,0
289,Dairy Queen,DQ Ultimate® Burger,780.00,430.00,48.00,22.00,2.00,150.00,1390.00,34.00,1.00,7.00,41.00,20.00,6.00,20.00,0
290,Dairy Queen,Pork Tenderloin Sandwich,580.00,310.00,34.00,7.00,0.00,45.00,910.00,48.00,2.00,6.00,19.00,0.00,0.00,0.00,0
291,Dairy Queen,Steak Finger Basket,910.00,430.00,48.00,13.00,0.50,45.00,2210.00,95.00,5.00,2.00,23.00,0.00,0.00,0.00,0
292,Dairy Queen,3 chicken strips Chicken Strips,350.00,180.00,20.00,3.00,0.00,60.00,960.00,22.00,10.00,0.00,22.00,0.00,0.00,0.00,0
293,Dairy Queen,Chicken Bacon Ranch Sandwich,500.00,180.00,20.00,8.00,0.00,65.00,1190.00,45.00,3.00,3.00,33.00,0.00,0.00,0.00,0
294,Dairy Queen,Chicken Mozzarella Sandwich,640.00,220.00,25.00,8.00,0.00,60.00,1530.00,68.00,4.00,3.00,34.00,0.00,0.00,0.00,0
295,Dairy Queen,Crispy Chicken BLT Salad,520.00,280.00,31.00,10.00,0.00,100.00,1470.00,25.00,9.00,6.00,37.00,0.00,0.00,0.00,0
296,Dairy Queen,Crispy Chicken Garden Greens Salad,280.00,120.00,13.00,2.00,0.00,40.00,670.00,24.00,9.00,6.00,17.00,0.00,0.00,0.00,0
297,Dairy Queen,Crispy Chicken Sandwich,600.00,270.00,30.00,5.00,0.00,55.00,1250.00,59.00,7.00,8.00,24.00,10.00,6.00,15.00,0
298,Dairy Queen,Crispy Chicken Wrap,350.00,190.00,21.00,5.00,0.00,35.00,820.00,30.00,2.00,1.00,12.00,10.00,2.00,10.00,0
299,Dairy Queen,Grilled Chicken BLT Salad,380.00,170.00,19.00,9.00,0.00,100.00,1540.00,11.00,3.00,6.00,42.00,0.00,0.00,0.00,0
300,Dairy Queen,Grilled Chicken Garden Greens Salad,150.00,20.00,2.00,0.50,0.00,40.00,730.00,10.00,3.00,6.00,23.00,0.00,0.00,0.00,0
301,Dairy Queen,Grilled Chicken Sandwich,360.00,140.00,15.00,3.00,0.00,50.00,1040.00,32.00,1.00,5.00,25.00,10.00,8.00,6.00,0
302,Dairy Queen,Grilled Chicken Wrap,280.00,130.00,15.00,4.00,0.00,30.00,800.00,22.00,1.00,1.00,15.00,10.00,4.00,10.00,0
303,Dairy Queen,Side Salad,20.00,0.00,0.00,0.00,0.00,0.00,15.00,5.00,2.00,3.00,1.00,50.00,30.00,15.00,0
304,Dairy Queen,Turkey BLT Sandwich,550.00,240.00,26.00,8.00,0.00,60.00,1420.00,45.00,3.00,3.00,30.00,0.00,0.00,0.00,0
305,Subway,"6"" B.L.T.",320.00,80.00,9.00,4.00,0.00,20.00,680.00,43.00,5.00,6.00,15.00,8.00,8.00,30.00,0
306,Subway,Footlong B.L.T.,640.00,160.00,18.00,8.00,0.00,40.00,1360.00,86.00,10.00,12.00,30.00,16.00,16.00,60.00,0
307,Subway,"6"" BBQ Rib Sandwich",430.00,160.00,18.00,6.00,0.00,50.00,590.00,47.00,5.00,8.00,19.00,8.00,20.00,30.00,0
308,Subway,Footlong BBQ Rib Sandwich,860.00,320.00,36.00,12.00,0.00,100.00,1180.00,94.00,10.00,16.00,38.00,16.00,40.00,60.00,0
309,Subway,"6"" Big Hot Pastrami",580.00,310.00,31.00,11.00,0.00,85.00,1470.00,47.00,5.00,7.00,29.00,10.00,45.00,40.00,0
310,Subway,Footlong Big Hot Pastrami,1160.00,620.00,62.00,22.00,0.00,170.00,2940.00,94.00,10.00,14.00,58.00,20.00,90.00,80.00,0
311,Subway,"6"" Big Philly Cheesesteak",500.00,150.00,17.00,9.00,1.00,85.00,1310.00,51.00,6.00,8.00,38.00,15.00,20.00,50.00,0
312,Subway,Footlong Big Philly Cheesesteak,1000.00,300.00,34.00,18.00,2.00,170.00,2620.00,102.00,12.00,16.00,76.00,30.00,40.00,100.00,0
313,Subway,Kids Mini Sub Black Forest Ham,180.00,20.00,3.00,0.50,0.00,10.00,450.00,30.00,3.00,5.00,10.00,6.00,15.00,20.00,0
314,Subway,"6"" Black Forest Ham",290.00,40.00,5.00,1.00,0.00,20.00,830.00,46.00,5.00,8.00,18.00,8.00,20.00,30.00,0
315,Subway,Footlong Black Forest Ham,580.00,80.00,10.00,2.00,0.00,40.00,1660.00,92.00,10.00,16.00,36.00,16.00,40.00,60.00,0
316,Subway,"6"" Carved Turkey",330.00,45.00,5.00,1.00,0.00,45.00,890.00,45.00,5.00,7.00,25.00,8.00,20.00,30.00,0
317,Subway,Footlong Carved Turkey,660.00,90.00,10.00,2.00,0.00,90.00,1780.00,90.00,10.00,14.00,50.00,16.00,40.00,60.00,0
318,Subway,"6"" Carved Turkey & Bacon w/ Cheese",570.00,230.00,26.00,7.00,0.00,70.00,1600.00,46.00,5.00,8.00,33.00,10.00,20.00,40.00,0
319,Subway,Footlong Carved Turkey & Bacon w/ Cheese,1140.00,460.00,52.00,14.00,0.00,140.00,3200.00,92.00,10.00,16.00,66.00,20.00,40.00,80.00,0
320,Subway,"6"" Chicken & Bacon Ranch Melt",570.00,250.00,28.00,10.00,1.00,95.00,1080.00,47.00,5.00,8.00,35.00,15.00,25.00,50.00,0
321,Subway,Footlong Chicken & Bacon Ranch Melt,1140.00,500.00,56.00,20.00,2.00,190.00,2160.00,94.00,10.00,16.00,70.00,30.00,50.00,100.00,0
322,Subway,"6"" Chicken Pizziola Melt",460.00,140.00,16.00,6.00,0.00,80.00,1140.00,49.00,6.00,9.00,32.00,15.00,30.00,45.00,0
323,Subway,Footlong Chicken Pizziola Melt,920.00,280.00,32.00,12.00,0.00,160.00,2280.00,98.00,12.00,18.00,64.00,30.00,60.00,90.00,0
324,Subway,"6"" Cold Cut Combo",370.00,120.00,13.00,4.00,0.00,50.00,1140.00,46.00,5.00,7.00,18.00,10.00,20.00,35.00,0
325,Subway,Footlong Cold Cut Combo,740.00,240.00,26.00,8.00,0.00,100.00,2280.00,92.00,10.00,14.00,36.00,20.00,40.00,70.00,0
326,Subway,"6"" Corned Beef Reuben",470.00,130.00,15.00,4.50,0.00,85.00,1770.00,45.00,7.00,12.00,39.00,10.00,35.00,20.00,0
327,Subway,Footlong Corned Beef Reuben,940.00,260.00,30.00,9.00,0.00,170.00,3540.00,90.00,14.00,24.00,78.00,20.00,70.00,40.00,0
328,Subway,"6"" Italian B.M.T.",410.00,150.00,16.00,6.00,0.00,45.00,1300.00,46.00,5.00,8.00,20.00,8.00,20.00,30.00,0
329,Subway,Footlong Italian B.M.T.,820.00,300.00,32.00,12.00,0.00,90.00,2600.00,92.00,10.00,16.00,40.00,16.00,40.00,60.00,0
330,Subway,"6"" Italian Hero",550.00,260.00,29.00,10.00,0.00,75.00,1470.00,47.00,5.00,9.00,26.00,10.00,20.00,40.00,0
331,Subway,Footlong Italian Hero,1100.00,520.00,58.00,20.00,0.00,150.00,2940.00,94.00,10.00,18.00,52.00,20.00,40.00,80.00,0
332,Subway,"6"" Meatball Mari0ra",480.00,160.00,18.00,7.00,1.00,30.00,950.00,59.00,8.00,12.00,21.00,25.00,35.00,35.00,0
333,Subway,Footlong Meatball Mari0ra,960.00,320.00,36.00,14.00,2.00,60.00,1900.00,118.00,16.00,24.00,42.00,50.00,70.00,70.00,0
334,Subway,"6"" Oven Roasted Chicken",320.00,40.00,5.00,2.00,0.00,25.00,640.00,47.00,5.00,8.00,23.00,8.00,30.00,30.00,0
335,Subway,Footlong Oven Roasted Chicken,640.00,80.00,10.00,4.00,0.00,50.00,1280.00,44.00,10.00,16.00,46.00,16.00,60.00,60.00,0
336,Subway,Kids Mini Sub Roast Beef,200.00,25.00,3.00,1.00,0.00,25.00,390.00,30.00,4.00,5.00,14.00,6.00,15.00,20.00,0
337,Subway,"6"" Roast Beef",320.00,40.00,5.00,2.00,0.00,40.00,700.00,45.00,5.00,7.00,24.00,8.00,20.00,30.00,0
338,Subway,Footlong Roast Beef,640.00,80.00,10.00,4.00,0.00,80.00,1400.00,90.00,10.00,14.00,48.00,16.00,40.00,60.00,0
339,Subway,"6"" Rotisserie Style Chicken",350.00,50.00,6.00,1.50,0.00,50.00,540.00,44.00,5.00,7.00,29.00,8.00,20.00,30.00,0
340,Subway,Footlong Rotisserie Style Chicken,700.00,100.00,12.00,3.00,0.00,100.00,1080.00,88.00,10.00,14.00,58.00,16.00,40.00,60.00,0
341,Subway,"6"" Spicy Italian",480.00,220.00,24.00,9.00,1.00,50.00,1520.00,46.00,5.00,8.00,20.00,8.00,20.00,30.00,0
342,Subway,Footlong Spicy Italian,960.00,440.00,48.00,18.00,2.00,100.00,3040.00,92.00,10.00,16.00,40.00,16.00,40.00,60.00,0
343,Subway,"6"" Steak and Cheese",380.00,90.00,10.00,5.00,0.00,50.00,1060.00,48.00,5.00,8.00,26.00,10.00,20.00,40.00,0
344,Subway,Footlong Steak and Cheese,760.00,180.00,20.00,10.00,0.00,100.00,2120.00,96.00,10.00,16.00,52.00,20.00,40.00,80.00,0
345,Subway,"6"" Subway Club",310.00,40.00,5.00,2.00,0.00,40.00,880.00,46.00,5.00,7.00,23.00,8.00,20.00,30.00,0
346,Subway,Footlong Subway Club,620.00,80.00,10.00,4.00,0.00,80.00,1760.00,92.00,10.00,14.00,46.00,16.00,40.00,60.00,0
347,Subway,"6"" Subway Melt (includes cheese)",370.00,100.00,11.00,5.00,0.00,45.00,1210.00,47.00,5.00,8.00,23.00,10.00,20.00,40.00,0
348,Subway,Footlong Subway Melt (includes cheese),740.00,200.00,22.00,10.00,0.00,90.00,1420.00,94.00,10.00,16.00,46.00,20.00,40.00,80.00,0
349,Subway,"6"" Subway Seafood Sensation",420.00,170.00,19.00,3.00,0.00,20.00,690.00,51.00,5.00,8.00,13.00,10.00,20.00,35.00,0
350,Subway,Footlong Subway Seafood Sensation,840.00,340.00,38.00,6.00,0.00,40.00,1380.00,102.00,10.00,16.00,26.00,20.00,40.00,70.00,0
351,Subway,"6"" Sweet Onion Chicken Teriyaki",380.00,40.00,5.00,1.00,0.00,50.00,900.00,59.00,5.00,18.00,26.00,8.00,30.00,35.00,0
352,Subway,Footlong Sweet Onion Chicken Teriyaki,760.00,80.00,10.00,2.00,0.00,100.00,1800.00,118.00,10.00,36.00,52.00,16.00,60.00,70.00,0
353,Subway,"6"" Tu0",470.00,210.00,24.00,4.00,0.00,30.00,620.00,44.00,5.00,6.00,20.00,8.00,20.00,30.00,0
354,Subway,Footlong Tu0,940.00,420.00,48.00,8.00,0.00,60.00,1240.00,88.00,10.00,12.00,40.00,16.00,40.00,60.00,0
355,Subway,"6"" Turkey & Bacon Avocado",390.00,110.00,13.00,3.50,0.00,30.00,860.00,49.00,8.00,7.00,22.00,10.00,200.00,30.00,0
356,Subway,Footlong Turkey & Bacon Avocado,780.00,220.00,26.00,7.00,0.00,60.00,1720.00,98.00,16.00,14.00,44.00,20.00,400.00,60.00,0
357,Subway,Kids Mini Sub Turkey Breast,180.00,20.00,2.00,0.50,0.00,10.00,380.00,30.00,3.00,5.00,10.00,6.00,15.00,20.00,0
358,Subway,"6"" Turkey Breast",280.00,30.00,4.00,1.00,0.00,20.00,810.00,46.00,5.00,7.00,18.00,8.00,20.00,30.00,0
359,Subway,Footlong Turkey Breast,560.00,60.00,8.00,2.00,0.00,40.00,1620.00,92.00,10.00,14.00,36.00,16.00,40.00,60.00,0
360,Subway,"6"" Turkey Breast & Ham",280.00,35.00,4.00,1.00,0.00,20.00,820.00,46.00,5.00,8.00,18.00,8.00,20.00,30.00,0
361,Subway,Footlong Turkey Breast & Ham,560.00,70.00,8.00,2.00,0.00,40.00,1640.00,92.00,10.00,16.00,36.00,16.00,40.00,60.00,0
362,Subway,"6"" Turkey Italiano Melt (with Provolone)",490.00,210.00,24.00,9.00,1.00,50.00,1480.00,47.00,5.00,8.00,24.00,10.00,20.00,45.00,0
363,Subway,Footlong Turkey Italiano Melt (with Provolone),980.00,420.00,48.00,18.00,2.00,100.00,2960.00,94.00,10.00,16.00,48.00,20.00,40.00,90.00,0
364,Subway,Kids Mini Sub Veggie Delite,150.00,15.00,2.00,0.00,0.00,0.00,190.00,29.00,3.00,4.00,6.00,6.00,15.00,20.00,0
365,Subway,"6"" Veggie Delite",230.00,20.00,3.00,1.00,0.00,0.00,310.00,44.00,5.00,6.00,8.00,8.00,20.00,30.00,0
366,Subway,Footlong Veggie Delite,460.00,40.00,6.00,2.00,0.00,0.00,620.00,88.00,10.00,12.00,16.00,16.00,40.00,60.00,0
367,Subway,"6"" Veggie Patty",390.00,70.00,7.00,1.00,0.00,10.00,800.00,56.00,8.00,8.00,23.00,15.00,20.00,35.00,0
368,Subway,Footlong Veggie Patty,780.00,140.00,14.00,2.00,0.00,20.00,1600.00,112.00,16.00,16.00,46.00,30.00,20.00,70.00,0
369,Subway,Autumn Carved Turkey Salad,300.00,80.00,9.00,3.00,0.00,60.00,1120.00,26.00,3.00,22.00,25.00,40.00,40.00,15.00,0
370,Subway,B.L.T. Salad,150.00,70.00,8.00,4.00,0.00,20.00,420.00,10.00,4.00,5.00,10.00,50.00,50.00,6.00,0
371,Subway,Big Hot Pastrami Melt Salad,400.00,300.00,29.00,11.00,0.00,85.00,1250.00,12.00,4.00,4.00,23.00,25.00,70.00,10.00,0
372,Subway,Big Philly Cheesesteak Salad,330.00,140.00,16.00,8.00,1.00,85.00,1080.00,17.00,5.00,6.00,32.00,60.00,50.00,25.00,0
373,Subway,Black Forest Ham Salad,110.00,25.00,3.00,1.00,0.00,20.00,590.00,11.00,4.00,6.00,12.00,25.00,45.00,4.00,0
374,Subway,Buffalo Chicken Salad (with Ranch dressing),360.00,230.00,26.00,4.00,0.00,60.00,1100.00,13.00,4.00,6.00,20.00,50.00,60.00,8.00,0
375,Subway,Carved Turkey & Bacon w/ Cheese Salad,280.00,110.00,12.00,4.50,0.00,65.00,1320.00,11.00,4.00,5.00,28.00,50.00,50.00,15.00,0
376,Subway,Carved Turkey Salad,150.00,30.00,4.00,0.00,0.00,45.00,680.00,8.00,3.00,3.00,19.00,40.00,40.00,6.00,0
377,Subway,Chicken & Bacon Ranch Melt Salad (includes Ranch dressing),510.00,340.00,38.00,12.00,1.00,100.00,1040.00,14.00,4.00,7.00,30.00,60.00,60.00,30.00,0
378,Subway,Cold Cut Combo Salad,180.00,95.00,11.00,4.00,0.00,45.00,820.00,12.00,4.00,5.00,12.00,50.00,50.00,10.00,0
379,Subway,Double Chicken Salad,220.00,35.00,5.00,1.50,0.00,100.00,490.00,10.00,4.00,4.00,36.00,50.00,60.00,8.00,0
380,Subway,Italian B.M.T.® Salad,230.00,135.00,15.00,6.00,0.00,45.00,1060.00,12.00,4.00,6.00,14.00,50.00,50.00,6.00,0
381,Subway,Italian Hero Salad,230.00,140.00,15.00,5.00,0.00,45.00,1060.00,13.00,4.00,8.00,14.00,40.00,60.00,4.00,0
382,Subway,Meatball Mari0ra Salad,310.00,150.00,17.00,7.00,1.00,30.00,720.00,25.00,6.00,10.00,16.00,60.00,70.00,10.00,0
383,Subway,Oven Roasted Chicken Salad,140.00,25.00,3.00,0.50,0.00,50.00,280.00,10.00,4.00,4.00,19.00,50.00,60.00,8.00,0
384,Subway,Roast Beef Salad,140.00,30.00,4.00,1.00,0.00,40.00,450.00,10.00,4.00,5.00,18.00,25.00,45.00,4.00,0
385,Subway,Spicy Italian Salad,310.00,205.00,23.00,9.00,1.00,50.00,1280.00,11.00,4.00,6.00,15.00,50.00,50.00,8.00,0
386,Subway,Steak & Cheese Salad,210.00,75.00,8.00,4.00,0.00,50.00,830.00,14.00,4.00,6.00,20.00,50.00,50.00,15.00,0
387,Subway,Subway Club Salad,140.00,30.00,4.00,1.00,0.00,40.00,640.00,11.00,4.00,5.00,17.00,25.00,45.00,6.00,0
388,Subway,Subway Melt® Salad,200.00,85.00,10.00,5.00,0.00,45.00,910.00,13.00,4.00,6.00,18.00,50.00,50.00,15.00,0
389,Subway,Sweet Onion Chicken Teriyaki Salad,200.00,25.00,3.00,1.00,0.00,50.00,660.00,24.00,4.00,16.00,20.00,25.00,50.00,6.00,0
390,Subway,Tu0 Salad,310.00,215.00,24.00,4.00,0.00,40.00,370.00,10.00,4.00,4.00,15.00,50.00,50.00,6.00,0
391,Subway,Turkey Breast & Ham Salad,110.00,20.00,3.00,1.00,0.00,25.00,580.00,11.00,4.00,5.00,12.00,25.00,45.00,6.00,0
392,Subway,Turkey Breast Salad,110.00,20.00,2.00,1.00,0.00,20.00,570.00,11.00,4.00,5.00,12.00,25.00,45.00,6.00,0
393,Subway,Veggie Delite Salad,50.00,10.00,1.00,0.00,0.00,0.00,65.00,9.00,4.00,4.00,3.00,25.00,45.00,4.00,0
394,Subway,Chipotle Southwest Steak & Cheese Wrap,760.00,330.00,37.00,12.00,1.00,100.00,2250.00,65.00,4.00,7.00,43.00,15.00,45.00,30.00,0
395,Subway,Rotisserie-Style Chicken Caesar Wrap,730.00,310.00,34.00,10.00,0.50,135.00,1900.00,53.00,3.00,4.00,55.00,15.00,8.00,45.00,0
396,Subway,"Turkey, Bacon & Guacamole Wrap",810.00,380.00,42.00,13.00,0.50,75.00,2970.00,62.00,3.00,6.00,43.00,10.00,30.00,30.00,0
397,Subway,Cheese & Veggies Pizza,740.00,230.00,25.00,11.00,0.00,50.00,1270.00,100.00,5.00,9.00,36.00,35.00,30.00,60.00,0
398,Subway,Cheese Pizza,680.00,200.00,22.00,9.00,0.00,40.00,1070.00,96.00,4.00,7.00,32.00,25.00,4.00,45.00,0
399,Subway,Pepperoni Pizza,790.00,290.00,32.00,13.00,0.00,60.00,1350.00,96.00,4.00,8.00,38.00,30.00,4.00,60.00,0
400,Subway,Sausage Pizza,820.00,310.00,34.00,14.00,0.00,70.00,1420.00,97.00,4.00,8.00,39.00,30.00,4.00,60.00,0
401,Taco Bell,1/2 lb.* Cheesy Potato Burrito,540.00,230.00,26.00,7.00,1.00,45.00,1360.00,59.00,7.00,4.00,19.00,0.00,0.00,0.00,0
402,Taco Bell,1/2 lb.* Combo Burrito,460.00,170.00,18.00,7.00,1.00,45.00,1320.00,53.00,9.00,3.00,21.00,0.00,0.00,0.00,0
403,Taco Bell,7-Layer Burrito,510.00,170.00,19.00,7.00,0.00,20.00,1090.00,68.00,11.00,4.00,16.00,0.00,0.00,0.00,0
404,Taco Bell,Bean Burrito,370.00,100.00,11.00,4.00,0.00,5.00,960.00,56.00,9.00,3.00,13.00,0.00,0.00,0.00,0
405,Taco Bell,Beefy 5-Layer Burrito,550.00,200.00,22.00,8.00,0.00,35.00,1270.00,68.00,8.00,5.00,19.00,0.00,0.00,0.00,0
406,Taco Bell,Beefy Fritos® Burrito,440.00,160.00,18.00,5.00,0.00,20.00,1030.00,55.00,4.00,3.00,13.00,0.00,0.00,0.00,0
407,Taco Bell,Black Bean Burrito,410.00,110.00,12.00,4.00,0.00,10.00,1100.00,62.00,8.00,3.00,14.00,0.00,0.00,0.00,0
408,Taco Bell,Burrito Supreme® – Beef,420.00,140.00,16.00,7.00,0.00,35.00,1090.00,53.00,8.00,5.00,16.00,0.00,0.00,0.00,0
409,Taco Bell,Burrito Supreme® - Chicken,390.00,110.00,12.00,5.00,0.00,40.00,1050.00,52.00,7.00,5.00,19.00,0.00,0.00,0.00,0
410,Taco Bell,Burrito Supreme® - Steak,390.00,120.00,13.00,5.00,0.00,30.00,1090.00,52.00,7.00,5.00,17.00,0.00,0.00,0.00,0
411,Taco Bell,Canti0 Power Burrito - Chicken,760.00,240.00,27.00,6.00,0.00,60.00,1960.00,96.00,12.00,7.00,32.00,0.00,0.00,0.00,0
412,Taco Bell,Canti0 Power Burrito - Steak,780.00,250.00,28.00,7.00,0.00,50.00,1900.00,98.00,13.00,7.00,33.00,0.00,0.00,0.00,0
413,Taco Bell,Canti0 Power Burrito - Veggie,740.00,230.00,26.00,5.00,0.00,10.00,1750.00,107.00,17.00,8.00,20.00,0.00,0.00,0.00,0
414,Taco Bell,Cheesy Bean and Rice Burrito,420.00,160.00,17.00,3.50,0.00,0.00,930.00,55.00,6.00,4.00,11.00,0.00,0.00,0.00,0
415,Taco Bell,Chili Cheese Burrito,380.00,150.00,17.00,8.00,1.00,35.00,930.00,41.00,5.00,2.00,16.00,0.00,0.00,0.00,0
416,Taco Bell,Chicken Crunchy Cheesy Core Burrito,610.00,210.00,24.00,9.00,0.00,55.00,1510.00,74.00,5.00,5.00,25.00,10.00,4.00,35.00,0
417,Taco Bell,Steak Crunchy Cheesy Core Burrito,610.00,220.00,24.00,9.00,0.00,50.00,1520.00,75.00,5.00,5.00,25.00,10.00,4.00,40.00,0
418,Taco Bell,Beef Crunchy Cheesy Core Burrito,630.00,240.00,26.00,10.00,0.50,45.00,1530.00,76.00,7.00,5.00,22.00,15.00,4.00,35.00,0
419,Taco Bell,Loaded Taco Burrito,550.00,260.00,29.00,9.00,0.50,50.00,1130.00,52.00,7.00,4.00,20.00,15.00,6.00,20.00,0
420,Taco Bell,Chicken Quesarito,620.00,270.00,30.00,10.00,0.00,60.00,1440.00,64.00,4.00,4.00,24.00,0.00,0.00,0.00,0
421,Taco Bell,Steak Quesarito,630.00,280.00,31.00,11.00,0.50,65.00,1410.00,64.00,3.00,4.00,25.00,0.00,0.00,0.00,0
422,Taco Bell,Beef Quesarito,650.00,300.00,34.00,12.00,0.50,60.00,1450.00,65.00,6.00,5.00,22.00,0.00,0.00,0.00,0
423,Taco Bell,Shredded Chicken Burrito,400.00,160.00,18.00,4.50,0.00,30.00,960.00,45.00,3.00,3.00,16.00,0.00,0.00,0.00,0
424,Taco Bell,Sm0ed Burrito - Beef,710.00,320.00,35.00,13.00,1.00,75.00,2260.00,70.00,10.00,4.00,28.00,0.00,0.00,0.00,0
425,Taco Bell,Sm0ed Burrito - Shredded Chicken,650.00,250.00,28.00,10.00,0.00,70.00,2230.00,67.00,8.00,4.00,34.00,0.00,0.00,0.00,0
426,Taco Bell,Sm0ed Burrito - Steak,670.00,260.00,29.00,11.00,0.50,80.00,2080.00,68.00,7.00,4.00,35.00,0.00,0.00,0.00,0
427,Taco Bell,Chicken Spicy Cheesy Core Burrito,540.00,180.00,20.00,8.00,0.00,55.00,1740.00,66.00,5.00,5.00,24.00,15.00,8.00,35.00,0
428,Taco Bell,Steak Spicy Cheesy Core Burrito,550.00,190.00,21.00,9.00,0.00,50.00,1750.00,66.00,5.00,5.00,24.00,10.00,6.00,35.00,0
429,Taco Bell,Beef Spicy Cheesy Core Burrito,570.00,210.00,23.00,10.00,0.50,45.00,1760.00,68.00,7.00,5.00,22.00,15.00,6.00,35.00,0
430,Taco Bell,Triple Melt Burrito,410.00,140.00,16.00,6.00,0.00,30.00,1030.00,50.00,4.00,3.00,15.00,6.00,2.00,20.00,0
431,Taco Bell,XXL Grilled Stuft Burrito - Beef,880.00,380.00,42.00,14.00,1.00,75.00,2020.00,94.00,12.00,6.00,31.00,0.00,0.00,0.00,0
432,Taco Bell,XXL Grilled Stuft Burrito - Chicken,830.00,320.00,35.00,11.00,0.00,85.00,1940.00,91.00,10.00,6.00,37.00,0.00,0.00,0.00,0
433,Taco Bell,XXL Grilled Stuft Burrito - Steak,820.00,320.00,36.00,12.00,1.00,70.00,2020.00,91.00,10.00,7.00,33.00,0.00,0.00,0.00,0
434,Taco Bell,Chicken Soft Taco,170.00,50.00,6.00,3.00,0.00,30.00,460.00,18.00,1.00,1.00,12.00,0.00,0.00,0.00,0
435,Taco Bell,Cool Ranch® Doritos® Double Decker® Taco,320.00,120.00,14.00,5.00,0.00,25.00,770.00,36.00,6.00,2.00,13.00,0.00,0.00,0.00,0
436,Taco Bell,Cool Ranch® Doritos® Locos Taco,160.00,90.00,10.00,3.50,0.00,25.00,350.00,13.00,2.00,1.00,8.00,0.00,0.00,0.00,0
437,Taco Bell,Cool Ranch® Doritos® Locos Taco Supreme,200.00,100.00,12.00,4.50,0.00,35.00,370.00,15.00,3.00,3.00,9.00,0.00,0.00,0.00,0
438,Taco Bell,Crunchy Taco,170.00,90.00,10.00,4.00,0.00,25.00,290.00,12.00,3.00,1.00,8.00,0.00,0.00,0.00,0
439,Taco Bell,Crunchy Taco Supreme®,200.00,110.00,12.00,5.00,0.00,35.00,320.00,15.00,3.00,2.00,9.00,0.00,0.00,0.00,0
440,Taco Bell,Double Decker® Taco,320.00,120.00,14.00,5.00,0.00,25.00,640.00,37.00,7.00,2.00,13.00,0.00,0.00,0.00,0
441,Taco Bell,DOUBLE DECKER® Taco Supreme®,350.00,140.00,16.00,6.00,0.00,35.00,670.00,40.00,7.00,3.00,14.00,0.00,0.00,0.00,0
442,Taco Bell,Spicy Sweet Double Stacked Taco,340.00,160.00,18.00,7.00,0.00,35.00,640.00,32.00,4.00,6.00,12.00,10.00,2.00,15.00,0
443,Taco Bell,Cool Ranch Habanero Double Stacked Taco,350.00,180.00,20.00,8.00,0.50,40.00,630.00,30.00,4.00,3.00,13.00,15.00,2.00,20.00,0
444,Taco Bell,0cho Crunch Double Stacked Taco,380.00,170.00,19.00,6.00,0.00,35.00,650.00,39.00,5.00,2.00,13.00,8.00,2.00,20.00,0
445,Taco Bell,Fiery Doritos® Double Decker® Taco,320.00,120.00,13.00,5.00,0.00,25.00,770.00,36.00,7.00,2.00,14.00,0.00,0.00,0.00,0
446,Taco Bell,Fiery Doritos® Locos Taco,170.00,90.00,10.00,3.50,0.00,25.00,370.00,12.00,3.00,1.00,8.00,0.00,0.00,0.00,0
447,Taco Bell,Fiery Doritos® Locos Taco Supreme,200.00,110.00,12.00,5.00,0.00,30.00,390.00,15.00,3.00,2.00,9.00,0.00,0.00,0.00,0
448,Taco Bell,Grilled Steak Soft Taco,250.00,130.00,14.00,4.00,0.00,30.00,550.00,19.00,2.00,2.00,11.00,0.00,0.00,0.00,0
449,Taco Bell,0cho Cheese Doritos® Double Decker® Taco,320.00,120.00,13.00,5.00,0.00,25.00,760.00,36.00,7.00,2.00,14.00,0.00,0.00,0.00,0
450,Taco Bell,0cho Cheese Doritos® Locos Tacos,170.00,80.00,9.00,4.00,0.00,25.00,340.00,13.00,2.00,1.00,8.00,0.00,0.00,0.00,0
451,Taco Bell,0cho Cheese Doritos® Locos Tacos Supreme,200.00,100.00,11.00,5.00,0.00,35.00,370.00,15.00,3.00,2.00,9.00,0.00,0.00,0.00,0
452,Taco Bell,Soft Taco Supreme® – Beef,230.00,100.00,11.00,5.00,0.00,35.00,530.00,22.00,3.00,3.00,10.00,0.00,0.00,0.00,0
453,Taco Bell,Soft Taco-Beef,200.00,80.00,9.00,4.00,0.00,25.00,510.00,19.00,3.00,1.00,10.00,0.00,0.00,0.00,0
454,Taco Bell,Spicy Potato Soft Taco,250.00,120.00,13.00,3.00,0.00,10.00,510.00,28.00,3.00,1.00,6.00,0.00,0.00,0.00,0
455,Taco Bell,Chalupa Supreme® - Chicken,340.00,160.00,18.00,4.00,0.00,40.00,530.00,29.00,3.00,4.00,16.00,0.00,0.00,0.00,0
456,Taco Bell,Chalupa Supreme® - Steak,340.00,170.00,18.00,4.00,0.00,30.00,570.00,29.00,3.00,4.00,14.00,0.00,0.00,0.00,0
457,Taco Bell,Chalupa Supreme®–Beef,370.00,190.00,21.00,5.00,0.00,30.00,570.00,31.00,4.00,4.00,13.00,0.00,0.00,0.00,0
458,Taco Bell,Double Chalupa,600.00,310.00,35.00,8.00,0.50,50.00,1010.00,50.00,6.00,5.00,21.00,15.00,4.00,15.00,0
459,Taco Bell,Wild 0ked Chicken Chalupa,420.00,250.00,28.00,6.00,0.00,65.00,1070.00,23.00,4.00,2.00,19.00,6.00,4.00,6.00,0
460,Taco Bell,Mild 0ked Chicken Chalupa,440.00,270.00,30.00,7.00,0.00,70.00,1090.00,22.00,3.00,1.00,20.00,6.00,4.00,6.00,0
461,Taco Bell,Spicy Double Chalupa,600.00,310.00,35.00,8.00,0.50,50.00,1240.00,52.00,7.00,5.00,21.00,15.00,8.00,15.00,0
462,Taco Bell,Fresco Bean Burrito,350.00,80.00,9.00,3.00,0.00,0.00,950.00,57.00,9.00,3.00,11.00,0.00,0.00,0.00,0
463,Taco Bell,Fresco Burrito Supreme® – Chicken,340.00,80.00,8.00,3.00,0.00,25.00,1020.00,50.00,7.00,4.00,17.00,0.00,0.00,0.00,0
464,Taco Bell,Fresco Burrito Supreme® – Steak,340.00,80.00,9.00,3.00,0.00,15.00,1060.00,50.00,7.00,4.00,15.00,0.00,0.00,0.00,0
465,Taco Bell,Fresco Chicken Soft Taco,150.00,35.00,4.00,1.00,0.00,25.00,460.00,18.00,2.00,2.00,11.00,0.00,0.00,0.00,0
466,Taco Bell,Fresco Crunchy Taco,140.00,70.00,8.00,2.00,0.00,20.00,290.00,13.00,3.00,1.00,6.00,0.00,0.00,0.00,0
467,Taco Bell,Fresco Grilled Steak Soft Taco,150.00,35.00,4.00,2.00,0.00,15.00,500.00,19.00,2.00,2.00,9.00,0.00,0.00,0.00,0
468,Taco Bell,Fresco Soft Taco,170.00,60.00,7.00,3.00,0.00,20.00,500.00,20.00,3.00,2.00,8.00,0.00,0.00,0.00,0
469,Taco Bell,Cheesy Gordita Crunch,490.00,260.00,29.00,10.00,1.00,55.00,810.00,39.00,5.00,6.00,20.00,0.00,0.00,0.00,0
470,Taco Bell,Doritos® Cheesy Gordita Crunch - Cool Ranch,490.00,250.00,28.00,10.00,1.00,55.00,890.00,40.00,5.00,5.00,20.00,0.00,0.00,0.00,0
471,Taco Bell,Doritos® Cheesy Gordita Crunch - Fiery,490.00,250.00,28.00,10.00,1.00,55.00,890.00,40.00,5.00,4.00,20.00,0.00,0.00,0.00,0
472,Taco Bell,Doritos® Cheesy Gordita Crunch - 0cho Cheese,490.00,250.00,28.00,10.00,1.00,55.00,880.00,40.00,5.00,5.00,20.00,0.00,0.00,0.00,0
473,Taco Bell,Double Cheesy Gordita Crunch,570.00,290.00,32.00,12.00,1.00,70.00,1110.00,44.00,7.00,5.00,25.00,15.00,2.00,30.00,0
474,Taco Bell,Gordita Supreme® – Beef,300.00,120.00,14.00,5.00,0.00,30.00,550.00,31.00,4.00,6.00,13.00,0.00,0.00,0.00,0
475,Taco Bell,Gordita Supreme® - Chicken,270.00,90.00,10.00,4.00,0.00,40.00,510.00,29.00,2.00,6.00,16.00,0.00,0.00,0.00,0
476,Taco Bell,Gordita Supreme® - Steak,270.00,90.00,11.00,4.00,0.00,30.00,550.00,29.00,2.00,6.00,14.00,0.00,0.00,0.00,0
477,Taco Bell,0cho Fries Bellgrande,710.00,360.00,41.00,6.00,0.00,30.00,1420.00,73.00,10.00,4.00,13.00,10.00,4.00,8.00,0
478,Taco Bell,0chos BellGrande®,760.00,360.00,39.00,6.00,0.00,30.00,1100.00,82.00,13.00,5.00,18.00,0.00,0.00,0.00,0
479,Taco Bell,0chos Supreme,430.00,210.00,23.00,5.00,0.00,30.00,690.00,44.00,7.00,3.00,12.00,0.00,0.00,0.00,0
480,Taco Bell,Triple Layer 0chos,320.00,140.00,15.00,1.50,0.00,0.00,600.00,41.00,6.00,2.00,7.00,0.00,0.00,0.00,0
481,Taco Bell,Triple Melt 0chos,260.00,140.00,16.00,4.50,0.00,30.00,550.00,19.00,3.00,1.00,10.00,6.00,0.00,10.00,0
482,Taco Bell,Beefy Cheddar Crunchwrap Slider,410.00,170.00,19.00,6.00,0.00,25.00,960.00,46.00,4.00,3.00,14.00,0.00,0.00,0.00,0
483,Taco Bell,Beefy Mini Quesadilla,210.00,110.00,12.00,4.00,0.00,25.00,560.00,17.00,3.00,1.00,9.00,0.00,0.00,0.00,0
484,Taco Bell,Beefy 0cho Griller,420.00,170.00,19.00,4.50,0.00,20.00,870.00,49.00,5.00,3.00,12.00,0.00,0.00,0.00,0
485,Taco Bell,BLT Crunchwrap Slider,430.00,210.00,23.00,5.00,0.00,20.00,900.00,43.00,3.00,4.00,12.00,0.00,0.00,0.00,0
486,Taco Bell,Canti0 Power Bowl - Chicken,560.00,200.00,22.00,4.00,0.00,60.00,1520.00,64.00,9.00,4.00,26.00,0.00,0.00,0.00,0
487,Taco Bell,Canti0 Power Bowl - Steak,580.00,210.00,23.00,4.00,0.00,50.00,1460.00,66.00,10.00,4.00,27.00,0.00,0.00,0.00,0
488,Taco Bell,Canti0 Power Bowl - Veggie,540.00,190.00,21.00,3.00,0.00,10.00,1310.00,75.00,14.00,4.00,14.00,0.00,0.00,0.00,0
489,Taco Bell,Cheese Quesadilla,480.00,240.00,27.00,11.00,1.00,50.00,1000.00,40.00,4.00,3.00,19.00,0.00,0.00,0.00,0
490,Taco Bell,Cheese Roll-Up,190.00,80.00,9.00,5.00,0.00,20.00,450.00,18.00,2.00,1.00,9.00,0.00,0.00,0.00,0
491,Taco Bell,Chicken Quesadilla,520.00,250.00,28.00,12.00,1.00,75.00,1210.00,41.00,4.00,3.00,27.00,0.00,0.00,0.00,0
492,Taco Bell,Chickstar,620.00,340.00,37.00,8.00,0.00,50.00,1290.00,53.00,4.00,4.00,17.00,8.00,6.00,15.00,0
493,Taco Bell,Chili Cheese Burrito,380.00,150.00,17.00,8.00,1.00,35.00,930.00,41.00,5.00,2.00,16.00,0.00,0.00,0.00,0
494,Taco Bell,Chipotle Crispy Chicken Griller,290.00,170.00,18.00,3.00,0.00,25.00,640.00,22.00,1.00,1.00,9.00,0.00,0.00,0.00,0
495,Taco Bell,Crispy Chicken Quesadilla,650.00,340.00,37.00,13.00,0.50,75.00,1480.00,51.00,5.00,3.00,26.00,10.00,2.00,45.00,0
496,Taco Bell,Crunchwrap Supreme®,540.00,190.00,21.00,6.00,0.00,30.00,1110.00,71.00,7.00,7.00,16.00,0.00,0.00,0.00,0
497,Taco Bell,Double Tostada,270.00,100.00,11.00,4.00,0.00,15.00,650.00,32.00,8.00,2.00,12.00,0.00,0.00,0.00,0
498,Taco Bell,Express Taco Salad w/ Chips,580.00,260.00,29.00,9.00,1.00,60.00,1270.00,59.00,8.00,7.00,23.00,0.00,0.00,0.00,0
499,Taco Bell,Loaded Potato Griller,470.00,200.00,22.00,6.00,0.00,25.00,1120.00,55.00,4.00,5.00,13.00,0.00,0.00,0.00,0
500,Taco Bell,Mexican Pizza,540.00,270.00,31.00,8.00,1.00,40.00,860.00,47.00,7.00,2.00,20.00,0.00,0.00,0.00,0
501,Taco Bell,MexiMelt®,270.00,130.00,14.00,7.00,1.00,40.00,740.00,21.00,3.00,2.00,14.00,0.00,0.00,0.00,0
502,Taco Bell,Steak Quesalupa,440.00,210.00,23.00,10.00,0.50,60.00,840.00,36.00,3.00,3.00,22.00,15.00,6.00,35.00,0
503,Taco Bell,Chicken Quesalupa,440.00,200.00,23.00,10.00,0.50,60.00,840.00,37.00,3.00,3.00,22.00,15.00,8.00,35.00,0
504,Taco Bell,Beef Quesalupa,460.00,240.00,26.00,11.00,1.00,50.00,890.00,38.00,4.00,3.00,19.00,15.00,6.00,35.00,0
505,Taco Bell,Shredded Chicken Mini Quesadilla,180.00,70.00,8.00,2.50,0.00,25.00,540.00,15.00,2.00,1.00,12.00,0.00,0.00,0.00,0
506,Taco Bell,Spicy Chicken Crunchwrap Slider,400.00,180.00,20.00,4.00,0.00,25.00,900.00,42.00,3.00,3.00,15.00,0.00,0.00,0.00,0
507,Taco Bell,Spicy Tostada,200.00,90.00,10.00,2.50,0.00,10.00,440.00,22.00,4.00,1.00,7.00,0.00,0.00,0.00,0
508,Taco Bell,Stacker,390.00,170.00,18.00,8.00,0.50,40.00,1050.00,39.00,4.00,3.00,18.00,8.00,2.00,30.00,0
509,Taco Bell,Steak Quesadilla,520.00,250.00,28.00,12.00,1.00,65.00,1250.00,41.00,4.00,3.00,25.00,0.00,0.00,0.00,0
510,Taco Bell,Origi0l Triple Double Crunchwrap,700.00,270.00,30.00,9.00,0.50,45.00,1550.00,85.00,9.00,7.00,23.00,15.00,6.00,25.00,0
511,Taco Bell,Spicy Triple Double Crunchwrap,780.00,340.00,38.00,10.00,0.50,50.00,1850.00,87.00,9.00,8.00,23.00,20.00,10.00,25.00,0
512,Taco Bell,Express Taco Salad w/ Chips,580.00,260.00,29.00,9.00,1.00,60.00,1270.00,59.00,8.00,7.00,23.00,0.00,0.00,0.00,0
513,Taco Bell,Fiesta Taco Salad-Beef,780.00,380.00,42.00,10.00,1.00,60.00,1340.00,74.00,11.00,7.00,26.00,0.00,0.00,0.00,0
514,Taco Bell,Fiesta Taco Salad-Chicken,720.00,320.00,35.00,7.00,0.00,70.00,1260.00,70.00,8.00,8.00,32.00,0.00,0.00,0.00,0
515,Taco Bell,Fiesta Taco Salad-Steak,720.00,320.00,36.00,8.00,1.00,55.00,1340.00,70.00,8.00,8.00,28.00,0.00,0.00,0.00,0
